file,line,type,commit,author,date,time,timezone,datetime,depth,length
style.css,1,css,abcf62ff,Acelynn Qiao,2025-10-16,17:32:40,-07:00,2025-10-16T17:32:40-07:00,0,29
style.css,2,css,abcf62ff,Acelynn Qiao,2025-10-16,17:32:40,-07:00,2025-10-16T17:32:40-07:00,0,5
style.css,3,css,abcf62ff,Acelynn Qiao,2025-10-16,17:32:40,-07:00,2025-10-16T17:32:40-07:00,1,23
style.css,4,css,abcf62ff,Acelynn Qiao,2025-10-16,17:32:40,-07:00,2025-10-16T17:32:40-07:00,0,0
style.css,5,css,abcf62ff,Acelynn Qiao,2025-10-16,17:32:40,-07:00,2025-10-16T17:32:40-07:00,0,0
style.css,6,css,abcf62ff,Acelynn Qiao,2025-10-16,17:32:40,-07:00,2025-10-16T17:32:40-07:00,0,57
style.css,7,css,abcf62ff,Acelynn Qiao,2025-10-16,17:32:40,-07:00,2025-10-16T17:32:40-07:00,0,3
style.css,8,css,abcf62ff,Acelynn Qiao,2025-10-16,17:32:40,-07:00,2025-10-16T17:32:40-07:00,1,39
style.css,9,css,abcf62ff,Acelynn Qiao,2025-10-16,17:32:40,-07:00,2025-10-16T17:32:40-07:00,1,39
style.css,10,css,abcf62ff,Acelynn Qiao,2025-10-16,17:32:40,-07:00,2025-10-16T17:32:40-07:00,0,0
style.css,11,css,abcf62ff,Acelynn Qiao,2025-10-16,17:32:40,-07:00,2025-10-16T17:32:40-07:00,0,0
style.css,12,css,abcf62ff,Acelynn Qiao,2025-10-16,17:32:40,-07:00,2025-10-16T17:32:40-07:00,0,36
style.css,13,css,abcf62ff,Acelynn Qiao,2025-10-16,17:32:40,-07:00,2025-10-16T17:32:40-07:00,0,6
style.css,14,css,abcf62ff,Acelynn Qiao,2025-10-16,17:32:40,-07:00,2025-10-16T17:32:40-07:00,1,12
style.css,15,css,abcf62ff,Acelynn Qiao,2025-10-16,17:32:40,-07:00,2025-10-16T17:32:40-07:00,0,0
style.css,16,css,abcf62ff,Acelynn Qiao,2025-10-16,17:32:40,-07:00,2025-10-16T17:32:40-07:00,0,0
style.css,17,css,a88825d4,Acelynn Qiao,2025-10-01,14:23:04,-07:00,2025-10-01T14:23:04-07:00,0,4
style.css,18,css,a88825d4,Acelynn Qiao,2025-10-01,14:23:04,-07:00,2025-10-01T14:23:04-07:00,2,43
style.css,19,css,fd63745b,Acelynn Qiao,2025-10-02,15:38:01,-07:00,2025-10-02T15:38:01-07:00,3,42
style.css,20,css,fd63745b,Acelynn Qiao,2025-10-02,15:38:01,-07:00,2025-10-02T15:38:01-07:00,2,0
style.css,21,css,a88825d4,Acelynn Qiao,2025-10-01,14:23:04,-07:00,2025-10-01T14:23:04-07:00,2,23
style.css,22,css,cddf7765,Acelynn Qiao,2025-10-09,16:12:54,-07:00,2025-10-09T16:12:54-07:00,0,0
style.css,23,css,cddf7765,Acelynn Qiao,2025-10-09,16:12:54,-07:00,2025-10-09T16:12:54-07:00,2,15
style.css,24,css,cddf7765,Acelynn Qiao,2025-10-09,16:12:54,-07:00,2025-10-09T16:12:54-07:00,2,18
style.css,25,css,cddf7765,Acelynn Qiao,2025-10-09,16:12:54,-07:00,2025-10-09T16:12:54-07:00,2,12
style.css,26,css,35eb4906,Acelynn Qiao,2025-10-01,14:34:04,-07:00,2025-10-01T14:34:04-07:00,1,0
style.css,27,css,fd63745b,Acelynn Qiao,2025-10-02,15:38:01,-07:00,2025-10-02T15:38:01-07:00,1,0
style.css,28,css,fd63745b,Acelynn Qiao,2025-10-02,15:38:01,-07:00,2025-10-02T15:38:01-07:00,1,23
style.css,29,css,35eb4906,Acelynn Qiao,2025-10-01,14:34:04,-07:00,2025-10-01T14:34:04-07:00,1,3
style.css,30,css,fd63745b,Acelynn Qiao,2025-10-02,15:38:01,-07:00,2025-10-02T15:38:01-07:00,2,45
style.css,31,css,fd63745b,Acelynn Qiao,2025-10-02,15:38:01,-07:00,2025-10-02T15:38:01-07:00,2,48
style.css,32,css,fd63745b,Acelynn Qiao,2025-10-02,15:38:01,-07:00,2025-10-02T15:38:01-07:00,2,46
style.css,33,css,66c665e3,Acelynn Qiao,2025-10-09,16:46:11,-07:00,2025-10-09T16:46:11-07:00,2,13
style.css,34,css,35eb4906,Acelynn Qiao,2025-10-01,14:34:04,-07:00,2025-10-01T14:34:04-07:00,1,0
style.css,35,css,66c665e3,Acelynn Qiao,2025-10-09,16:46:11,-07:00,2025-10-09T16:46:11-07:00,1,0
style.css,36,css,66c665e3,Acelynn Qiao,2025-10-09,16:46:11,-07:00,2025-10-09T16:46:11-07:00,1,5
style.css,37,css,30665a9e,Acelynn Qiao,2025-10-09,16:49:40,-07:00,2025-10-09T16:49:40-07:00,2,33
style.css,38,css,66c665e3,Acelynn Qiao,2025-10-09,16:46:11,-07:00,2025-10-09T16:46:11-07:00,0,0
style.css,39,css,66c665e3,Acelynn Qiao,2025-10-09,16:46:11,-07:00,2025-10-09T16:46:11-07:00,0,0
style.css,40,css,66c665e3,Acelynn Qiao,2025-10-09,16:46:11,-07:00,2025-10-09T16:46:11-07:00,0,4
style.css,41,css,66c665e3,Acelynn Qiao,2025-10-09,16:46:11,-07:00,2025-10-09T16:46:11-07:00,2,73
style.css,42,css,66c665e3,Acelynn Qiao,2025-10-09,16:46:11,-07:00,2025-10-09T16:46:11-07:00,0,0
style.css,43,css,66c665e3,Acelynn Qiao,2025-10-09,16:46:11,-07:00,2025-10-09T16:46:11-07:00,0,0
style.css,44,css,66c665e3,Acelynn Qiao,2025-10-09,16:46:11,-07:00,2025-10-09T16:46:11-07:00,0,3
style.css,45,css,66c665e3,Acelynn Qiao,2025-10-09,16:46:11,-07:00,2025-10-09T16:46:11-07:00,2,12
style.css,46,css,66c665e3,Acelynn Qiao,2025-10-09,16:46:11,-07:00,2025-10-09T16:46:11-07:00,2,18
style.css,47,css,66c665e3,Acelynn Qiao,2025-10-09,16:46:11,-07:00,2025-10-09T16:46:11-07:00,2,41
style.css,48,css,66c665e3,Acelynn Qiao,2025-10-09,16:46:11,-07:00,2025-10-09T16:46:11-07:00,0,0
style.css,49,css,66c665e3,Acelynn Qiao,2025-10-09,16:46:11,-07:00,2025-10-09T16:46:11-07:00,0,0
style.css,50,css,66c665e3,Acelynn Qiao,2025-10-09,16:46:11,-07:00,2025-10-09T16:46:11-07:00,0,5
style.css,51,css,66c665e3,Acelynn Qiao,2025-10-09,16:46:11,-07:00,2025-10-09T16:46:11-07:00,2,64
style.css,52,css,66c665e3,Acelynn Qiao,2025-10-09,16:46:11,-07:00,2025-10-09T16:46:11-07:00,2,20
style.css,53,css,66c665e3,Acelynn Qiao,2025-10-09,16:46:11,-07:00,2025-10-09T16:46:11-07:00,2,76
style.css,54,css,66c665e3,Acelynn Qiao,2025-10-09,16:46:11,-07:00,2025-10-09T16:46:11-07:00,2,66
style.css,55,css,66c665e3,Acelynn Qiao,2025-10-09,16:46:11,-07:00,2025-10-09T16:46:11-07:00,2,13
style.css,56,css,66c665e3,Acelynn Qiao,2025-10-09,16:46:11,-07:00,2025-10-09T16:46:11-07:00,0,0
style.css,57,css,66c665e3,Acelynn Qiao,2025-10-09,16:46:11,-07:00,2025-10-09T16:46:11-07:00,0,0
style.css,58,css,66c665e3,Acelynn Qiao,2025-10-09,16:46:11,-07:00,2025-10-09T16:46:11-07:00,0,13
style.css,59,css,66c665e3,Acelynn Qiao,2025-10-09,16:46:11,-07:00,2025-10-09T16:46:11-07:00,2,43
style.css,60,css,66c665e3,Acelynn Qiao,2025-10-09,16:46:11,-07:00,2025-10-09T16:46:11-07:00,2,65
style.css,61,css,66c665e3,Acelynn Qiao,2025-10-09,16:46:11,-07:00,2025-10-09T16:46:11-07:00,0,0
style.css,62,css,66c665e3,Acelynn Qiao,2025-10-09,16:46:11,-07:00,2025-10-09T16:46:11-07:00,0,0
style.css,63,css,66c665e3,Acelynn Qiao,2025-10-09,16:46:11,-07:00,2025-10-09T16:46:11-07:00,0,11
style.css,64,css,66c665e3,Acelynn Qiao,2025-10-09,16:46:11,-07:00,2025-10-09T16:46:11-07:00,2,79
style.css,65,css,66c665e3,Acelynn Qiao,2025-10-09,16:46:11,-07:00,2025-10-09T16:46:11-07:00,2,20
style.css,66,css,bb93e3c9,Acelynn Qiao,2025-10-09,16:58:23,-07:00,2025-10-09T16:58:23-07:00,0,0
style.css,67,css,bb93e3c9,Acelynn Qiao,2025-10-09,16:58:23,-07:00,2025-10-09T16:58:23-07:00,0,0
style.css,68,css,bb93e3c9,Acelynn Qiao,2025-10-09,16:58:23,-07:00,2025-10-09T16:58:23-07:00,0,23
style.css,69,css,bb93e3c9,Acelynn Qiao,2025-10-09,16:58:23,-07:00,2025-10-09T16:58:23-07:00,1,12
style.css,70,css,bb93e3c9,Acelynn Qiao,2025-10-09,16:58:23,-07:00,2025-10-09T16:58:23-07:00,0,0
style.css,71,css,bb93e3c9,Acelynn Qiao,2025-10-09,16:58:23,-07:00,2025-10-09T16:58:23-07:00,0,0
style.css,72,css,bb93e3c9,Acelynn Qiao,2025-10-09,16:58:23,-07:00,2025-10-09T16:58:23-07:00,0,4
style.css,73,css,bb93e3c9,Acelynn Qiao,2025-10-09,16:58:23,-07:00,2025-10-09T16:58:23-07:00,1,12
style.css,74,css,bb93e3c9,Acelynn Qiao,2025-10-09,16:58:23,-07:00,2025-10-09T16:58:23-07:00,1,110
style.css,75,css,bb93e3c9,Acelynn Qiao,2025-10-09,16:58:23,-07:00,2025-10-09T16:58:23-07:00,1,7
style.css,76,css,bb93e3c9,Acelynn Qiao,2025-10-09,16:58:23,-07:00,2025-10-09T16:58:23-07:00,0,0
style.css,77,css,bb93e3c9,Acelynn Qiao,2025-10-09,16:58:23,-07:00,2025-10-09T16:58:23-07:00,0,0
style.css,78,css,bb93e3c9,Acelynn Qiao,2025-10-09,16:58:23,-07:00,2025-10-09T16:58:23-07:00,0,10
style.css,79,css,bb93e3c9,Acelynn Qiao,2025-10-09,16:58:23,-07:00,2025-10-09T16:58:23-07:00,1,12
style.css,80,css,bb93e3c9,Acelynn Qiao,2025-10-09,16:58:23,-07:00,2025-10-09T16:58:23-07:00,1,29
style.css,81,css,bb93e3c9,Acelynn Qiao,2025-10-09,16:58:23,-07:00,2025-10-09T16:58:23-07:00,1,60
style.css,82,css,bb93e3c9,Acelynn Qiao,2025-10-09,16:58:23,-07:00,2025-10-09T16:58:23-07:00,0,0
style.css,83,css,bb93e3c9,Acelynn Qiao,2025-10-09,16:58:23,-07:00,2025-10-09T16:58:23-07:00,0,0
style.css,84,css,bb93e3c9,Acelynn Qiao,2025-10-09,16:58:23,-07:00,2025-10-09T16:58:23-07:00,0,11
style.css,85,css,bb93e3c9,Acelynn Qiao,2025-10-09,16:58:23,-07:00,2025-10-09T16:58:23-07:00,1,17
style.css,86,css,bb93e3c9,Acelynn Qiao,2025-10-09,16:58:23,-07:00,2025-10-09T16:58:23-07:00,1,17
style.css,87,css,9eb0904b,Acelynn Qiao,2025-10-09,17:07:39,-07:00,2025-10-09T17:07:39-07:00,0,0
style.css,88,css,9eb0904b,Acelynn Qiao,2025-10-09,17:07:39,-07:00,2025-10-09T17:07:39-07:00,0,0
style.css,89,css,9eb0904b,Acelynn Qiao,2025-10-09,17:07:39,-07:00,2025-10-09T17:07:39-07:00,0,9
style.css,90,css,9eb0904b,Acelynn Qiao,2025-10-09,17:07:39,-07:00,2025-10-09T17:07:39-07:00,1,12
style.css,91,css,9eb0904b,Acelynn Qiao,2025-10-09,17:07:39,-07:00,2025-10-09T17:07:39-07:00,1,58
style.css,92,css,9eb0904b,Acelynn Qiao,2025-10-09,17:07:39,-07:00,2025-10-09T17:07:39-07:00,1,7
style.css,93,css,9eb0904b,Acelynn Qiao,2025-10-09,17:07:39,-07:00,2025-10-09T17:07:39-07:00,0,0
style.css,94,css,9eb0904b,Acelynn Qiao,2025-10-09,17:07:39,-07:00,2025-10-09T17:07:39-07:00,0,0
style.css,95,css,9eb0904b,Acelynn Qiao,2025-10-09,17:07:39,-07:00,2025-10-09T17:07:39-07:00,0,17
style.css,96,css,9eb0904b,Acelynn Qiao,2025-10-09,17:07:39,-07:00,2025-10-09T17:07:39-07:00,1,12
style.css,97,css,9eb0904b,Acelynn Qiao,2025-10-09,17:07:39,-07:00,2025-10-09T17:07:39-07:00,1,26
style.css,98,css,9eb0904b,Acelynn Qiao,2025-10-09,17:07:39,-07:00,2025-10-09T17:07:39-07:00,1,15
style.css,99,css,9eb0904b,Acelynn Qiao,2025-10-09,17:07:39,-07:00,2025-10-09T17:07:39-07:00,1,8
style.css,100,css,9eb0904b,Acelynn Qiao,2025-10-09,17:07:39,-07:00,2025-10-09T17:07:39-07:00,0,0
style.css,101,css,9eb0904b,Acelynn Qiao,2025-10-09,17:07:39,-07:00,2025-10-09T17:07:39-07:00,0,0
style.css,102,css,9eb0904b,Acelynn Qiao,2025-10-09,17:07:39,-07:00,2025-10-09T17:07:39-07:00,0,12
style.css,103,css,9eb0904b,Acelynn Qiao,2025-10-09,17:07:39,-07:00,2025-10-09T17:07:39-07:00,1,8
style.css,104,css,9eb0904b,Acelynn Qiao,2025-10-09,17:07:39,-07:00,2025-10-09T17:07:39-07:00,0,0
style.css,105,css,9eb0904b,Acelynn Qiao,2025-10-09,17:07:39,-07:00,2025-10-09T17:07:39-07:00,0,0
style.css,106,css,9eb0904b,Acelynn Qiao,2025-10-09,17:07:39,-07:00,2025-10-09T17:07:39-07:00,0,18
style.css,107,css,9eb0904b,Acelynn Qiao,2025-10-09,17:07:39,-07:00,2025-10-09T17:07:39-07:00,0,22
style.css,108,css,9eb0904b,Acelynn Qiao,2025-10-09,17:07:39,-07:00,2025-10-09T17:07:39-07:00,2,53
style.css,109,css,9eb0904b,Acelynn Qiao,2025-10-09,17:07:39,-07:00,2025-10-09T17:07:39-07:00,2,46
style.css,110,css,9eb0904b,Acelynn Qiao,2025-10-09,17:07:39,-07:00,2025-10-09T17:07:39-07:00,0,0
style.css,111,css,9eb0904b,Acelynn Qiao,2025-10-09,17:07:39,-07:00,2025-10-09T17:07:39-07:00,0,0
style.css,112,css,9eb0904b,Acelynn Qiao,2025-10-09,17:07:39,-07:00,2025-10-09T17:07:39-07:00,0,2
style.css,113,css,9eb0904b,Acelynn Qiao,2025-10-09,17:07:39,-07:00,2025-10-09T17:07:39-07:00,2,53
style.css,114,css,049af5f5,Acelynn Qiao,2025-10-09,17:24:39,-07:00,2025-10-09T17:24:39-07:00,0,0
style.css,115,css,049af5f5,Acelynn Qiao,2025-10-09,17:24:39,-07:00,2025-10-09T17:24:39-07:00,0,0
style.css,116,css,049af5f5,Acelynn Qiao,2025-10-09,17:24:39,-07:00,2025-10-09T17:24:39-07:00,0,32
style.css,117,css,049af5f5,Acelynn Qiao,2025-10-09,17:24:39,-07:00,2025-10-09T17:24:39-07:00,0,0
style.css,118,css,049af5f5,Acelynn Qiao,2025-10-09,17:24:39,-07:00,2025-10-09T17:24:39-07:00,0,13
style.css,119,css,049af5f5,Acelynn Qiao,2025-10-09,17:24:39,-07:00,2025-10-09T17:24:39-07:00,1,15
style.css,120,css,049af5f5,Acelynn Qiao,2025-10-09,17:24:39,-07:00,2025-10-09T17:24:39-07:00,1,13
style.css,121,css,049af5f5,Acelynn Qiao,2025-10-09,17:24:39,-07:00,2025-10-09T17:24:39-07:00,1,16
style.css,122,css,049af5f5,Acelynn Qiao,2025-10-09,17:24:39,-07:00,2025-10-09T17:24:39-07:00,1,18
style.css,123,css,049af5f5,Acelynn Qiao,2025-10-09,17:24:39,-07:00,2025-10-09T17:24:39-07:00,1,42
style.css,124,css,049af5f5,Acelynn Qiao,2025-10-09,17:24:39,-07:00,2025-10-09T17:24:39-07:00,1,15
style.css,125,css,049af5f5,Acelynn Qiao,2025-10-09,17:24:39,-07:00,2025-10-09T17:24:39-07:00,0,0
style.css,126,css,049af5f5,Acelynn Qiao,2025-10-09,17:24:39,-07:00,2025-10-09T17:24:39-07:00,0,0
style.css,127,css,049af5f5,Acelynn Qiao,2025-10-09,17:24:39,-07:00,2025-10-09T17:24:39-07:00,0,10
style.css,128,css,049af5f5,Acelynn Qiao,2025-10-09,17:24:39,-07:00,2025-10-09T17:24:39-07:00,1,75
style.css,129,css,049af5f5,Acelynn Qiao,2025-10-09,17:24:39,-07:00,2025-10-09T17:24:39-07:00,1,11
style.css,130,css,049af5f5,Acelynn Qiao,2025-10-09,17:24:39,-07:00,2025-10-09T17:24:39-07:00,1,12
style.css,131,css,049af5f5,Acelynn Qiao,2025-10-09,17:24:39,-07:00,2025-10-09T17:24:39-07:00,1,17
style.css,132,css,049af5f5,Acelynn Qiao,2025-10-09,17:24:39,-07:00,2025-10-09T17:24:39-07:00,0,0
style.css,133,css,049af5f5,Acelynn Qiao,2025-10-09,17:24:39,-07:00,2025-10-09T17:24:39-07:00,0,0
style.css,134,css,049af5f5,Acelynn Qiao,2025-10-09,17:24:39,-07:00,2025-10-09T17:24:39-07:00,0,13
style.css,135,css,049af5f5,Acelynn Qiao,2025-10-09,17:24:39,-07:00,2025-10-09T17:24:39-07:00,1,8
style.css,136,css,049af5f5,Acelynn Qiao,2025-10-09,17:24:39,-07:00,2025-10-09T17:24:39-07:00,1,15
style.css,137,css,049af5f5,Acelynn Qiao,2025-10-09,17:24:39,-07:00,2025-10-09T17:24:39-07:00,0,0
style.css,138,css,049af5f5,Acelynn Qiao,2025-10-09,17:24:39,-07:00,2025-10-09T17:24:39-07:00,0,0
style.css,139,css,049af5f5,Acelynn Qiao,2025-10-09,17:24:39,-07:00,2025-10-09T17:24:39-07:00,0,11
style.css,140,css,049af5f5,Acelynn Qiao,2025-10-09,17:24:39,-07:00,2025-10-09T17:24:39-07:00,1,12
style.css,141,css,049af5f5,Acelynn Qiao,2025-10-09,17:24:39,-07:00,2025-10-09T17:24:39-07:00,0,0
style.css,142,css,049af5f5,Acelynn Qiao,2025-10-09,17:24:39,-07:00,2025-10-09T17:24:39-07:00,0,0
style.css,143,css,049af5f5,Acelynn Qiao,2025-10-09,17:24:39,-07:00,2025-10-09T17:24:39-07:00,0,11
style.css,144,css,049af5f5,Acelynn Qiao,2025-10-09,17:24:39,-07:00,2025-10-09T17:24:39-07:00,1,20
style.css,145,css,049af5f5,Acelynn Qiao,2025-10-09,17:24:39,-07:00,2025-10-09T17:24:39-07:00,0,0
style.css,146,css,049af5f5,Acelynn Qiao,2025-10-09,17:24:39,-07:00,2025-10-09T17:24:39-07:00,0,0
style.css,147,css,049af5f5,Acelynn Qiao,2025-10-09,17:24:39,-07:00,2025-10-09T17:24:39-07:00,0,14
style.css,148,css,049af5f5,Acelynn Qiao,2025-10-09,17:24:39,-07:00,2025-10-09T17:24:39-07:00,1,25
style.css,149,css,049af5f5,Acelynn Qiao,2025-10-09,17:24:39,-07:00,2025-10-09T17:24:39-07:00,1,41
style.css,150,css,049af5f5,Acelynn Qiao,2025-10-09,17:24:39,-07:00,2025-10-09T17:24:39-07:00,1,17
style.css,151,css,049af5f5,Acelynn Qiao,2025-10-09,17:24:39,-07:00,2025-10-09T17:24:39-07:00,1,18
style.css,152,css,049af5f5,Acelynn Qiao,2025-10-09,17:24:39,-07:00,2025-10-09T17:24:39-07:00,0,0
style.css,153,css,049af5f5,Acelynn Qiao,2025-10-09,17:24:39,-07:00,2025-10-09T17:24:39-07:00,0,0
style.css,154,css,049af5f5,Acelynn Qiao,2025-10-09,17:24:39,-07:00,2025-10-09T17:24:39-07:00,0,11
style.css,155,css,049af5f5,Acelynn Qiao,2025-10-09,17:24:39,-07:00,2025-10-09T17:24:39-07:00,1,28
style.css,156,css,049af5f5,Acelynn Qiao,2025-10-09,17:24:39,-07:00,2025-10-09T17:24:39-07:00,1,12
style.css,157,css,049af5f5,Acelynn Qiao,2025-10-09,17:24:39,-07:00,2025-10-09T17:24:39-07:00,1,17
style.css,158,css,049af5f5,Acelynn Qiao,2025-10-09,17:24:39,-07:00,2025-10-09T17:24:39-07:00,1,18
style.css,159,css,049af5f5,Acelynn Qiao,2025-10-09,17:24:39,-07:00,2025-10-09T17:24:39-07:00,1,41
style.css,160,css,049af5f5,Acelynn Qiao,2025-10-09,17:24:39,-07:00,2025-10-09T17:24:39-07:00,0,0
style.css,161,css,049af5f5,Acelynn Qiao,2025-10-09,17:24:39,-07:00,2025-10-09T17:24:39-07:00,0,0
style.css,162,css,049af5f5,Acelynn Qiao,2025-10-09,17:24:39,-07:00,2025-10-09T17:24:39-07:00,0,14
style.css,163,css,049af5f5,Acelynn Qiao,2025-10-09,17:24:39,-07:00,2025-10-09T17:24:39-07:00,1,19
style.css,164,css,049af5f5,Acelynn Qiao,2025-10-09,17:24:39,-07:00,2025-10-09T17:24:39-07:00,1,23
style.css,165,css,abcf62ff,Acelynn Qiao,2025-10-16,17:32:40,-07:00,2025-10-16T17:32:40-07:00,0,0
style.css,166,css,abcf62ff,Acelynn Qiao,2025-10-16,17:32:40,-07:00,2025-10-16T17:32:40-07:00,0,0
style.css,167,css,abcf62ff,Acelynn Qiao,2025-10-16,17:32:40,-07:00,2025-10-16T17:32:40-07:00,0,33
style.css,168,css,abcf62ff,Acelynn Qiao,2025-10-16,17:32:40,-07:00,2025-10-16T17:32:40-07:00,0,13
style.css,169,css,abcf62ff,Acelynn Qiao,2025-10-16,17:32:40,-07:00,2025-10-16T17:32:40-07:00,1,17
style.css,170,css,abcf62ff,Acelynn Qiao,2025-10-16,17:32:40,-07:00,2025-10-16T17:32:40-07:00,1,8
style.css,171,css,abcf62ff,Acelynn Qiao,2025-10-16,17:32:40,-07:00,2025-10-16T17:32:40-07:00,1,10
style.css,172,css,abcf62ff,Acelynn Qiao,2025-10-16,17:32:40,-07:00,2025-10-16T17:32:40-07:00,1,13
style.css,173,css,abcf62ff,Acelynn Qiao,2025-10-16,17:32:40,-07:00,2025-10-16T17:32:40-07:00,0,0
style.css,174,css,abcf62ff,Acelynn Qiao,2025-10-16,17:32:40,-07:00,2025-10-16T17:32:40-07:00,0,0
style.css,175,css,abcf62ff,Acelynn Qiao,2025-10-16,17:32:40,-07:00,2025-10-16T17:32:40-07:00,0,20
style.css,176,css,abcf62ff,Acelynn Qiao,2025-10-16,17:32:40,-07:00,2025-10-16T17:32:40-07:00,1,18
style.css,177,css,abcf62ff,Acelynn Qiao,2025-10-16,17:32:40,-07:00,2025-10-16T17:32:40-07:00,1,13
style.css,178,css,abcf62ff,Acelynn Qiao,2025-10-16,17:32:40,-07:00,2025-10-16T17:32:40-07:00,1,36
style.css,179,css,abcf62ff,Acelynn Qiao,2025-10-16,17:32:40,-07:00,2025-10-16T17:32:40-07:00,1,17
style.css,180,css,abcf62ff,Acelynn Qiao,2025-10-16,17:32:40,-07:00,2025-10-16T17:32:40-07:00,1,13
style.css,181,css,ff67e33a,Acelynn Qiao,2025-10-25,13:26:20,-07:00,2025-10-25T13:26:20-07:00,0,0
style.css,182,css,ff67e33a,Acelynn Qiao,2025-10-25,13:26:20,-07:00,2025-10-25T13:26:20-07:00,0,0
style.css,183,css,a99286fd,Acelynn Qiao,2025-10-30,15:54:13,-07:00,2025-10-30T15:54:13-07:00,0,32
style.css,184,css,ff67e33a,Acelynn Qiao,2025-10-25,13:26:20,-07:00,2025-10-25T13:26:20-07:00,0,17
style.css,185,css,ff67e33a,Acelynn Qiao,2025-10-25,13:26:20,-07:00,2025-10-25T13:26:20-07:00,1,12
style.css,186,css,a99286fd,Acelynn Qiao,2025-10-30,15:54:13,-07:00,2025-10-30T15:54:13-07:00,1,36
style.css,187,css,ff67e33a,Acelynn Qiao,2025-10-25,13:26:20,-07:00,2025-10-25T13:26:20-07:00,1,8
style.css,188,css,ff67e33a,Acelynn Qiao,2025-10-25,13:26:20,-07:00,2025-10-25T13:26:20-07:00,1,13
style.css,189,css,ff67e33a,Acelynn Qiao,2025-10-25,13:26:20,-07:00,2025-10-25T13:26:20-07:00,0,0
style.css,190,css,ff67e33a,Acelynn Qiao,2025-10-25,13:26:20,-07:00,2025-10-25T13:26:20-07:00,0,0
style.css,191,css,ff67e33a,Acelynn Qiao,2025-10-25,13:26:20,-07:00,2025-10-25T13:26:20-07:00,0,17
style.css,192,css,ff67e33a,Acelynn Qiao,2025-10-25,13:26:20,-07:00,2025-10-25T13:26:20-07:00,1,16
style.css,193,css,ff67e33a,Acelynn Qiao,2025-10-25,13:26:20,-07:00,2025-10-25T13:26:20-07:00,1,25
style.css,194,css,a99286fd,Acelynn Qiao,2025-10-30,15:54:13,-07:00,2025-10-30T15:54:13-07:00,1,10
style.css,195,css,a99286fd,Acelynn Qiao,2025-10-30,15:54:13,-07:00,2025-10-30T15:54:13-07:00,1,20
style.css,196,css,ff67e33a,Acelynn Qiao,2025-10-25,13:26:20,-07:00,2025-10-25T13:26:20-07:00,0,0
style.css,197,css,ff67e33a,Acelynn Qiao,2025-10-25,13:26:20,-07:00,2025-10-25T13:26:20-07:00,0,0
style.css,198,css,ff67e33a,Acelynn Qiao,2025-10-25,13:26:20,-07:00,2025-10-25T13:26:20-07:00,0,17
style.css,199,css,ff67e33a,Acelynn Qiao,2025-10-25,13:26:20,-07:00,2025-10-25T13:26:20-07:00,1,8
style.css,200,css,ff67e33a,Acelynn Qiao,2025-10-25,13:26:20,-07:00,2025-10-25T13:26:20-07:00,1,15
style.css,201,css,a99286fd,Acelynn Qiao,2025-10-30,15:54:13,-07:00,2025-10-30T15:54:13-07:00,1,10
style.css,202,css,9188ee75,Acelynn Qiao,2025-10-29,19:44:42,-07:00,2025-10-29T19:44:42-07:00,0,0
style.css,203,css,9188ee75,Acelynn Qiao,2025-10-29,19:44:42,-07:00,2025-10-29T19:44:42-07:00,0,0
style.css,204,css,a99286fd,Acelynn Qiao,2025-10-30,15:54:13,-07:00,2025-10-30T15:54:13-07:00,0,41
style.css,205,css,a99286fd,Acelynn Qiao,2025-10-30,15:54:13,-07:00,2025-10-30T15:54:13-07:00,0,67
style.css,206,css,a99286fd,Acelynn Qiao,2025-10-30,15:54:13,-07:00,2025-10-30T15:54:13-07:00,0,48
style.css,207,css,a99286fd,Acelynn Qiao,2025-10-30,15:54:13,-07:00,2025-10-30T15:54:13-07:00,0,64
style.css,208,css,a99286fd,Acelynn Qiao,2025-10-30,15:54:13,-07:00,2025-10-30T15:54:13-07:00,0,48
style.css,209,css,a99286fd,Acelynn Qiao,2025-10-30,15:54:13,-07:00,2025-10-30T15:54:13-07:00,0,64
style.css,210,css,a99286fd,Acelynn Qiao,2025-10-30,15:54:13,-07:00,2025-10-30T15:54:13-07:00,0,48
style.css,211,css,a99286fd,Acelynn Qiao,2025-10-30,15:54:13,-07:00,2025-10-30T15:54:13-07:00,0,0
style.css,212,css,9188ee75,Acelynn Qiao,2025-10-29,19:44:42,-07:00,2025-10-29T19:44:42-07:00,0,24
style.css,213,css,9188ee75,Acelynn Qiao,2025-10-29,19:44:42,-07:00,2025-10-29T19:44:42-07:00,0,16
style.css,214,css,9188ee75,Acelynn Qiao,2025-10-29,19:44:42,-07:00,2025-10-29T19:44:42-07:00,1,12
style.css,215,css,9188ee75,Acelynn Qiao,2025-10-29,19:44:42,-07:00,2025-10-29T19:44:42-07:00,1,10
style.css,216,css,9188ee75,Acelynn Qiao,2025-10-29,19:44:42,-07:00,2025-10-29T19:44:42-07:00,0,0
style.css,217,css,9188ee75,Acelynn Qiao,2025-10-29,19:44:42,-07:00,2025-10-29T19:44:42-07:00,0,0
style.css,218,css,9188ee75,Acelynn Qiao,2025-10-29,19:44:42,-07:00,2025-10-29T19:44:42-07:00,0,13
style.css,219,css,9188ee75,Acelynn Qiao,2025-10-29,19:44:42,-07:00,2025-10-29T19:44:42-07:00,1,23
style.css,220,css,9188ee75,Acelynn Qiao,2025-10-29,19:44:42,-07:00,2025-10-29T19:44:42-07:00,1,15
style.css,221,css,9188ee75,Acelynn Qiao,2025-10-29,19:44:42,-07:00,2025-10-29T19:44:42-07:00,1,17
style.css,222,css,9188ee75,Acelynn Qiao,2025-10-29,19:44:42,-07:00,2025-10-29T19:44:42-07:00,1,44
style.css,223,css,9188ee75,Acelynn Qiao,2025-10-29,19:44:42,-07:00,2025-10-29T19:44:42-07:00,1,18
style.css,224,css,ef7da9e9,Acelynn Qiao,2025-10-29,20:10:39,-07:00,2025-10-29T20:10:39-07:00,0,0
style.css,225,css,ef7da9e9,Acelynn Qiao,2025-10-29,20:10:39,-07:00,2025-10-29T20:10:39-07:00,0,0
style.css,226,css,fc8ca020,Acelynn Qiao,2025-10-30,02:09:34,-07:00,2025-10-30T02:09:34-07:00,0,40
style.css,227,css,69f0dfa2,Acelynn Qiao,2025-10-29,20:25:39,-07:00,2025-10-29T20:25:39-07:00,0,0
style.css,228,css,69f0dfa2,Acelynn Qiao,2025-10-29,20:25:39,-07:00,2025-10-29T20:25:39-07:00,0,43
style.css,229,css,69f0dfa2,Acelynn Qiao,2025-10-29,20:25:39,-07:00,2025-10-29T20:25:39-07:00,0,16
style.css,230,css,69f0dfa2,Acelynn Qiao,2025-10-29,20:25:39,-07:00,2025-10-29T20:25:39-07:00,1,12
style.css,231,css,69f0dfa2,Acelynn Qiao,2025-10-29,20:25:39,-07:00,2025-10-29T20:25:39-07:00,1,8
style.css,232,css,69f0dfa2,Acelynn Qiao,2025-10-29,20:25:39,-07:00,2025-10-29T20:25:39-07:00,1,18
style.css,233,css,69f0dfa2,Acelynn Qiao,2025-10-29,20:25:39,-07:00,2025-10-29T20:25:39-07:00,1,12
style.css,234,css,69f0dfa2,Acelynn Qiao,2025-10-29,20:25:39,-07:00,2025-10-29T20:25:39-07:00,1,14
style.css,235,css,69f0dfa2,Acelynn Qiao,2025-10-29,20:25:39,-07:00,2025-10-29T20:25:39-07:00,0,0
style.css,236,css,69f0dfa2,Acelynn Qiao,2025-10-29,20:25:39,-07:00,2025-10-29T20:25:39-07:00,0,0
style.css,237,css,69f0dfa2,Acelynn Qiao,2025-10-29,20:25:39,-07:00,2025-10-29T20:25:39-07:00,0,21
style.css,238,css,69f0dfa2,Acelynn Qiao,2025-10-29,20:25:39,-07:00,2025-10-29T20:25:39-07:00,0,18
style.css,239,css,69f0dfa2,Acelynn Qiao,2025-10-29,20:25:39,-07:00,2025-10-29T20:25:39-07:00,1,14
style.css,240,css,69f0dfa2,Acelynn Qiao,2025-10-29,20:25:39,-07:00,2025-10-29T20:25:39-07:00,1,16
style.css,241,css,69f0dfa2,Acelynn Qiao,2025-10-29,20:25:39,-07:00,2025-10-29T20:25:39-07:00,1,13
style.css,242,css,69f0dfa2,Acelynn Qiao,2025-10-29,20:25:39,-07:00,2025-10-29T20:25:39-07:00,0,0
style.css,243,css,69f0dfa2,Acelynn Qiao,2025-10-29,20:25:39,-07:00,2025-10-29T20:25:39-07:00,0,0
style.css,244,css,fc8ca020,Acelynn Qiao,2025-10-30,02:09:34,-07:00,2025-10-30T02:09:34-07:00,0,61
style.css,245,css,69f0dfa2,Acelynn Qiao,2025-10-29,20:25:39,-07:00,2025-10-29T20:25:39-07:00,0,7
style.css,246,css,69f0dfa2,Acelynn Qiao,2025-10-29,20:25:39,-07:00,2025-10-29T20:25:39-07:00,1,12
style.css,247,css,69f0dfa2,Acelynn Qiao,2025-10-29,20:25:39,-07:00,2025-10-29T20:25:39-07:00,1,57
style.css,248,css,69f0dfa2,Acelynn Qiao,2025-10-29,20:25:39,-07:00,2025-10-29T20:25:39-07:00,1,10
style.css,249,css,69f0dfa2,Acelynn Qiao,2025-10-29,20:25:39,-07:00,2025-10-29T20:25:39-07:00,1,15
style.css,250,css,fc8ca020,Acelynn Qiao,2025-10-30,02:09:34,-07:00,2025-10-30T02:09:34-07:00,1,12
style.css,251,css,69f0dfa2,Acelynn Qiao,2025-10-29,20:25:39,-07:00,2025-10-29T20:25:39-07:00,1,8
style.css,252,css,fc8ca020,Acelynn Qiao,2025-10-30,02:09:34,-07:00,2025-10-30T02:09:34-07:00,1,48
style.css,253,css,fc8ca020,Acelynn Qiao,2025-10-30,02:09:34,-07:00,2025-10-30T02:09:34-07:00,1,0
style.css,254,css,b60f5f41,Acelynn Qiao,2025-10-30,02:23:46,-07:00,2025-10-30T02:23:46-07:00,1,64
style.css,255,css,fc8ca020,Acelynn Qiao,2025-10-30,02:09:34,-07:00,2025-10-30T02:09:34-07:00,1,34
style.css,256,css,fc8ca020,Acelynn Qiao,2025-10-30,02:09:34,-07:00,2025-10-30T02:09:34-07:00,1,17
style.css,257,css,b60f5f41,Acelynn Qiao,2025-10-30,02:23:46,-07:00,2025-10-30T02:23:46-07:00,1,40
style.css,258,css,69f0dfa2,Acelynn Qiao,2025-10-29,20:25:39,-07:00,2025-10-29T20:25:39-07:00,0,0
style.css,259,css,69f0dfa2,Acelynn Qiao,2025-10-29,20:25:39,-07:00,2025-10-29T20:25:39-07:00,0,0
style.css,260,css,69f0dfa2,Acelynn Qiao,2025-10-29,20:25:39,-07:00,2025-10-29T20:25:39-07:00,0,12
style.css,261,css,69f0dfa2,Acelynn Qiao,2025-10-29,20:25:39,-07:00,2025-10-29T20:25:39-07:00,1,12
style.css,262,css,69f0dfa2,Acelynn Qiao,2025-10-29,20:25:39,-07:00,2025-10-29T20:25:39-07:00,1,18
style.css,263,css,fc8ca020,Acelynn Qiao,2025-10-30,02:09:34,-07:00,2025-10-30T02:09:34-07:00,1,49
style.css,264,css,fc8ca020,Acelynn Qiao,2025-10-30,02:09:34,-07:00,2025-10-30T02:09:34-07:00,1,14
style.css,265,css,69f0dfa2,Acelynn Qiao,2025-10-29,20:25:39,-07:00,2025-10-29T20:25:39-07:00,0,0
style.css,266,css,69f0dfa2,Acelynn Qiao,2025-10-29,20:25:39,-07:00,2025-10-29T20:25:39-07:00,0,0
style.css,267,css,fc8ca020,Acelynn Qiao,2025-10-30,02:09:34,-07:00,2025-10-30T02:09:34-07:00,0,60
style.css,268,css,69f0dfa2,Acelynn Qiao,2025-10-29,20:25:39,-07:00,2025-10-29T20:25:39-07:00,0,7
style.css,269,css,69f0dfa2,Acelynn Qiao,2025-10-29,20:25:39,-07:00,2025-10-29T20:25:39-07:00,1,20
style.css,270,css,69f0dfa2,Acelynn Qiao,2025-10-29,20:25:39,-07:00,2025-10-29T20:25:39-07:00,1,9
style.css,271,css,69f0dfa2,Acelynn Qiao,2025-10-29,20:25:39,-07:00,2025-10-29T20:25:39-07:00,1,10
style.css,272,css,fc8ca020,Acelynn Qiao,2025-10-30,02:09:34,-07:00,2025-10-30T02:09:34-07:00,1,52
style.css,273,css,69f0dfa2,Acelynn Qiao,2025-10-29,20:25:39,-07:00,2025-10-29T20:25:39-07:00,1,29
style.css,274,css,69f0dfa2,Acelynn Qiao,2025-10-29,20:25:39,-07:00,2025-10-29T20:25:39-07:00,1,13
style.css,275,css,69f0dfa2,Acelynn Qiao,2025-10-29,20:25:39,-07:00,2025-10-29T20:25:39-07:00,0,0
style.css,276,css,69f0dfa2,Acelynn Qiao,2025-10-29,20:25:39,-07:00,2025-10-29T20:25:39-07:00,0,0
style.css,277,css,69f0dfa2,Acelynn Qiao,2025-10-29,20:25:39,-07:00,2025-10-29T20:25:39-07:00,0,23
style.css,278,css,69f0dfa2,Acelynn Qiao,2025-10-29,20:25:39,-07:00,2025-10-29T20:25:39-07:00,0,10
style.css,279,css,69f0dfa2,Acelynn Qiao,2025-10-29,20:25:39,-07:00,2025-10-29T20:25:39-07:00,1,17
style.css,280,css,69f0dfa2,Acelynn Qiao,2025-10-29,20:25:39,-07:00,2025-10-29T20:25:39-07:00,1,23
style.css,281,css,69f0dfa2,Acelynn Qiao,2025-10-29,20:25:39,-07:00,2025-10-29T20:25:39-07:00,1,18
style.css,282,css,b60f5f41,Acelynn Qiao,2025-10-30,02:23:46,-07:00,2025-10-30T02:23:46-07:00,0,0
style.css,283,css,b60f5f41,Acelynn Qiao,2025-10-30,02:23:46,-07:00,2025-10-30T02:23:46-07:00,0,0
style.css,284,css,b60f5f41,Acelynn Qiao,2025-10-30,02:23:46,-07:00,2025-10-30T02:23:46-07:00,0,39
style.css,285,css,b60f5f41,Acelynn Qiao,2025-10-30,02:23:46,-07:00,2025-10-30T02:23:46-07:00,0,35
style.css,286,css,b60f5f41,Acelynn Qiao,2025-10-30,02:23:46,-07:00,2025-10-30T02:23:46-07:00,1,7
style.css,287,css,b60f5f41,Acelynn Qiao,2025-10-30,02:23:46,-07:00,2025-10-30T02:23:46-07:00,2,30
style.css,288,css,b60f5f41,Acelynn Qiao,2025-10-30,02:23:46,-07:00,2025-10-30T02:23:46-07:00,1,0
style.css,289,css,b60f5f41,Acelynn Qiao,2025-10-30,02:23:46,-07:00,2025-10-30T02:23:46-07:00,1,0
style.css,290,css,b60f5f41,Acelynn Qiao,2025-10-30,02:23:46,-07:00,2025-10-30T02:23:46-07:00,1,10
style.css,291,css,b60f5f41,Acelynn Qiao,2025-10-30,02:23:46,-07:00,2025-10-30T02:23:46-07:00,2,23
style.css,292,css,b60f5f41,Acelynn Qiao,2025-10-30,02:23:46,-07:00,2025-10-30T02:23:46-07:00,1,0
style.css,293,css,b60f5f41,Acelynn Qiao,2025-10-30,02:23:46,-07:00,2025-10-30T02:23:46-07:00,0,0
style.css,294,css,b60f5f41,Acelynn Qiao,2025-10-30,02:23:46,-07:00,2025-10-30T02:23:46-07:00,0,0
style.css,295,css,b60f5f41,Acelynn Qiao,2025-10-30,02:23:46,-07:00,2025-10-30T02:23:46-07:00,0,22
style.css,296,css,b60f5f41,Acelynn Qiao,2025-10-30,02:23:46,-07:00,2025-10-30T02:23:46-07:00,0,10
style.css,297,css,b60f5f41,Acelynn Qiao,2025-10-30,02:23:46,-07:00,2025-10-30T02:23:46-07:00,1,10
style.css,298,css,b60f5f41,Acelynn Qiao,2025-10-30,02:23:46,-07:00,2025-10-30T02:23:46-07:00,1,15
style.css,299,css,b60f5f41,Acelynn Qiao,2025-10-30,02:23:46,-07:00,2025-10-30T02:23:46-07:00,1,20
style.css,300,css,b60f5f41,Acelynn Qiao,2025-10-30,02:23:46,-07:00,2025-10-30T02:23:46-07:00,1,34
style.css,301,css,b60f5f41,Acelynn Qiao,2025-10-30,02:23:46,-07:00,2025-10-30T02:23:46-07:00,1,17
style.css,302,css,b60f5f41,Acelynn Qiao,2025-10-30,02:23:46,-07:00,2025-10-30T02:23:46-07:00,1,12
style.css,303,css,b60f5f41,Acelynn Qiao,2025-10-30,02:23:46,-07:00,2025-10-30T02:23:46-07:00,1,14
style.css,304,css,b60f5f41,Acelynn Qiao,2025-10-30,02:23:46,-07:00,2025-10-30T02:23:46-07:00,0,0
style.css,305,css,b60f5f41,Acelynn Qiao,2025-10-30,02:23:46,-07:00,2025-10-30T02:23:46-07:00,0,0
style.css,306,css,b60f5f41,Acelynn Qiao,2025-10-30,02:23:46,-07:00,2025-10-30T02:23:46-07:00,0,16
style.css,307,css,b60f5f41,Acelynn Qiao,2025-10-30,02:23:46,-07:00,2025-10-30T02:23:46-07:00,1,12
style.css,308,css,b60f5f41,Acelynn Qiao,2025-10-30,02:23:46,-07:00,2025-10-30T02:23:46-07:00,1,32
style.css,309,css,b60f5f41,Acelynn Qiao,2025-10-30,02:23:46,-07:00,2025-10-30T02:23:46-07:00,1,45
style.css,310,css,42c1354b,Acelynn Qiao,2025-10-30,15:32:58,-07:00,2025-10-30T15:32:58-07:00,0,0
style.css,311,css,42c1354b,Acelynn Qiao,2025-10-30,15:32:58,-07:00,2025-10-30T15:32:58-07:00,0,0
style.css,312,css,42c1354b,Acelynn Qiao,2025-10-30,15:32:58,-07:00,2025-10-30T15:32:58-07:00,0,32
style.css,313,css,42c1354b,Acelynn Qiao,2025-10-30,15:32:58,-07:00,2025-10-30T15:32:58-07:00,0,23
style.css,314,css,42c1354b,Acelynn Qiao,2025-10-30,15:32:58,-07:00,2025-10-30T15:32:58-07:00,1,16
style.css,315,css,42c1354b,Acelynn Qiao,2025-10-30,15:32:58,-07:00,2025-10-30T15:32:58-07:00,1,14
style.css,316,css,42c1354b,Acelynn Qiao,2025-10-30,15:32:58,-07:00,2025-10-30T15:32:58-07:00,0,0
style.css,317,css,42c1354b,Acelynn Qiao,2025-10-30,15:32:58,-07:00,2025-10-30T15:32:58-07:00,0,0
style.css,318,css,42c1354b,Acelynn Qiao,2025-10-30,15:32:58,-07:00,2025-10-30T15:32:58-07:00,0,31
style.css,319,css,42c1354b,Acelynn Qiao,2025-10-30,15:32:58,-07:00,2025-10-30T15:32:58-07:00,0,51
style.css,320,css,42c1354b,Acelynn Qiao,2025-10-30,15:32:58,-07:00,2025-10-30T15:32:58-07:00,1,11
style.css,321,css,42c1354b,Acelynn Qiao,2025-10-30,15:32:58,-07:00,2025-10-30T15:32:58-07:00,0,0
style.css,322,css,42c1354b,Acelynn Qiao,2025-10-30,15:32:58,-07:00,2025-10-30T15:32:58-07:00,0,0
style.css,323,css,42c1354b,Acelynn Qiao,2025-10-30,15:32:58,-07:00,2025-10-30T15:32:58-07:00,0,26
style.css,324,css,42c1354b,Acelynn Qiao,2025-10-30,15:32:58,-07:00,2025-10-30T15:32:58-07:00,0,32
style.css,325,css,42c1354b,Acelynn Qiao,2025-10-30,15:32:58,-07:00,2025-10-30T15:32:58-07:00,1,32
style.css,326,css,42c1354b,Acelynn Qiao,2025-10-30,15:32:58,-07:00,2025-10-30T15:32:58-07:00,1,22
style.css,327,css,42c1354b,Acelynn Qiao,2025-10-30,15:32:58,-07:00,2025-10-30T15:32:58-07:00,0,0
style.css,328,css,42c1354b,Acelynn Qiao,2025-10-30,15:32:58,-07:00,2025-10-30T15:32:58-07:00,0,0
style.css,329,css,42c1354b,Acelynn Qiao,2025-10-30,15:32:58,-07:00,2025-10-30T15:32:58-07:00,0,32
style.css,330,css,42c1354b,Acelynn Qiao,2025-10-30,15:32:58,-07:00,2025-10-30T15:32:58-07:00,0,21
style.css,331,css,42c1354b,Acelynn Qiao,2025-10-30,15:32:58,-07:00,2025-10-30T15:32:58-07:00,1,35
style.css,332,css,42c1354b,Acelynn Qiao,2025-10-30,15:32:58,-07:00,2025-10-30T15:32:58-07:00,1,28
style.css,333,css,42c1354b,Acelynn Qiao,2025-10-30,15:32:58,-07:00,2025-10-30T15:32:58-07:00,1,17
style.css,334,css,42c1354b,Acelynn Qiao,2025-10-30,15:32:58,-07:00,2025-10-30T15:32:58-07:00,0,0
style.css,335,css,42c1354b,Acelynn Qiao,2025-10-30,15:32:58,-07:00,2025-10-30T15:32:58-07:00,0,0
style.css,336,css,42c1354b,Acelynn Qiao,2025-10-30,15:32:58,-07:00,2025-10-30T15:32:58-07:00,0,40
style.css,337,css,42c1354b,Acelynn Qiao,2025-10-30,15:32:58,-07:00,2025-10-30T15:32:58-07:00,0,35
style.css,338,css,42c1354b,Acelynn Qiao,2025-10-30,15:32:58,-07:00,2025-10-30T15:32:58-07:00,1,21
style.css,339,css,42c1354b,Acelynn Qiao,2025-10-30,15:32:58,-07:00,2025-10-30T15:32:58-07:00,2,28
style.css,340,css,42c1354b,Acelynn Qiao,2025-10-30,15:32:58,-07:00,2025-10-30T15:32:58-07:00,1,0
style.css,341,css,00000000,Not Committed Yet,2025-11-06,16:04:45,-08:00,2025-11-06T16:04:45-08:00,0,0
style.css,342,css,00000000,Not Committed Yet,2025-11-06,16:04:45,-08:00,2025-11-06T16:04:45-08:00,0,0
style.css,343,css,00000000,Not Committed Yet,2025-11-06,16:04:45,-08:00,2025-11-06T16:04:45-08:00,0,31
style.css,344,css,00000000,Not Committed Yet,2025-11-06,16:04:45,-08:00,2025-11-06T16:04:45-08:00,0,6
style.css,345,css,00000000,Not Committed Yet,2025-11-06,16:04:45,-08:00,2025-11-06T16:04:45-08:00,1,12
style.css,346,css,00000000,Not Committed Yet,2025-11-06,16:04:45,-08:00,2025-11-06T16:04:45-08:00,1,31
style.css,347,css,00000000,Not Committed Yet,2025-11-06,16:04:45,-08:00,2025-11-06T16:04:45-08:00,1,8
style.css,348,css,00000000,Not Committed Yet,2025-11-06,16:04:45,-08:00,2025-11-06T16:04:45-08:00,1,13
style.css,349,css,00000000,Not Committed Yet,2025-11-06,16:04:45,-08:00,2025-11-06T16:04:45-08:00,1,14
style.css,350,css,00000000,Not Committed Yet,2025-11-06,16:04:45,-08:00,2025-11-06T16:04:45-08:00,1,34
style.css,351,css,00000000,Not Committed Yet,2025-11-06,16:04:45,-08:00,2025-11-06T16:04:45-08:00,1,17
style.css,352,css,00000000,Not Committed Yet,2025-11-06,16:04:45,-08:00,2025-11-06T16:04:45-08:00,1,28
style.css,353,css,00000000,Not Committed Yet,2025-11-06,16:04:45,-08:00,2025-11-06T16:04:45-08:00,0,0
style.css,354,css,00000000,Not Committed Yet,2025-11-06,16:04:45,-08:00,2025-11-06T16:04:45-08:00,0,0
style.css,355,css,00000000,Not Committed Yet,2025-11-06,16:04:45,-08:00,2025-11-06T16:04:45-08:00,0,9
style.css,356,css,00000000,Not Committed Yet,2025-11-06,16:04:45,-08:00,2025-11-06T16:04:45-08:00,1,16
style.css,357,css,00000000,Not Committed Yet,2025-11-06,16:04:45,-08:00,2025-11-06T16:04:45-08:00,1,25
style.css,358,css,00000000,Not Committed Yet,2025-11-06,16:04:45,-08:00,2025-11-06T16:04:45-08:00,1,16
style.css,359,css,00000000,Not Committed Yet,2025-11-06,16:04:45,-08:00,2025-11-06T16:04:45-08:00,0,0
style.css,360,css,00000000,Not Committed Yet,2025-11-06,16:04:45,-08:00,2025-11-06T16:04:45-08:00,0,0
style.css,361,css,00000000,Not Committed Yet,2025-11-06,16:04:45,-08:00,2025-11-06T16:04:45-08:00,0,9
style.css,362,css,00000000,Not Committed Yet,2025-11-06,16:04:45,-08:00,2025-11-06T16:04:45-08:00,1,8
style.css,363,css,00000000,Not Committed Yet,2025-11-06,16:04:45,-08:00,2025-11-06T16:04:45-08:00,1,15
style.css,364,css,00000000,Not Committed Yet,2025-11-06,16:04:45,-08:00,2025-11-06T16:04:45-08:00,1,16
style.css,365,css,00000000,Not Committed Yet,2025-11-06,16:04:45,-08:00,2025-11-06T16:04:45-08:00,0,0
style.css,366,css,00000000,Not Committed Yet,2025-11-06,16:04:45,-08:00,2025-11-06T16:04:45-08:00,0,0
style.css,367,css,00000000,Not Committed Yet,2025-11-06,16:04:45,-08:00,2025-11-06T16:04:45-08:00,0,21
style.css,368,css,00000000,Not Committed Yet,2025-11-06,16:04:45,-08:00,2025-11-06T16:04:45-08:00,0,35
style.css,369,css,00000000,Not Committed Yet,2025-11-06,16:04:45,-08:00,2025-11-06T16:04:45-08:00,1,6
style.css,370,css,00000000,Not Committed Yet,2025-11-06,16:04:45,-08:00,2025-11-06T16:04:45-08:00,2,28
style.css,371,css,00000000,Not Committed Yet,2025-11-06,16:04:45,-08:00,2025-11-06T16:04:45-08:00,2,30
style.css,372,css,00000000,Not Committed Yet,2025-11-06,16:04:45,-08:00,2025-11-06T16:04:45-08:00,1,0
style.css,373,css,66c665e3,Acelynn Qiao,2025-10-09,16:46:11,-07:00,2025-10-09T16:46:11-07:00,0,0
index.js,1,js,ff67e33a,Acelynn Qiao,2025-10-25,13:26:20,-07:00,2025-10-25T13:26:20-07:00,0,71
index.js,2,js,a7098516,Acelynn Qiao,2025-10-25,13:18:50,-07:00,2025-10-25T13:18:50-07:00,0,0
index.js,3,js,a7098516,Acelynn Qiao,2025-10-25,13:18:50,-07:00,2025-10-25T13:18:50-07:00,0,62
index.js,4,js,ff67e33a,Acelynn Qiao,2025-10-25,13:26:20,-07:00,2025-10-25T13:26:20-07:00,2,33
index.js,5,js,a7098516,Acelynn Qiao,2025-10-25,13:18:50,-07:00,2025-10-25T13:18:50-07:00,2,54
index.js,6,js,ff67e33a,Acelynn Qiao,2025-10-25,13:26:20,-07:00,2025-10-25T13:26:20-07:00,2,42
index.js,7,js,a7098516,Acelynn Qiao,2025-10-25,13:18:50,-07:00,2025-10-25T13:18:50-07:00,2,60
index.js,8,js,a7098516,Acelynn Qiao,2025-10-25,13:18:50,-07:00,2025-10-25T13:18:50-07:00,2,0
index.js,9,js,a7098516,Acelynn Qiao,2025-10-25,13:18:50,-07:00,2025-10-25T13:18:50-07:00,2,22
index.js,10,js,a7098516,Acelynn Qiao,2025-10-25,13:18:50,-07:00,2025-10-25T13:18:50-07:00,4,54
index.js,11,js,ff67e33a,Acelynn Qiao,2025-10-25,13:26:20,-07:00,2025-10-25T13:26:20-07:00,2,0
index.js,12,js,ff67e33a,Acelynn Qiao,2025-10-25,13:26:20,-07:00,2025-10-25T13:26:20-07:00,2,0
index.js,13,js,ff67e33a,Acelynn Qiao,2025-10-25,13:26:20,-07:00,2025-10-25T13:26:20-07:00,2,30
index.js,14,js,ff67e33a,Acelynn Qiao,2025-10-25,13:26:20,-07:00,2025-10-25T13:26:20-07:00,2,72
index.js,15,js,ff67e33a,Acelynn Qiao,2025-10-25,13:26:20,-07:00,2025-10-25T13:26:20-07:00,2,60
index.js,16,js,ff67e33a,Acelynn Qiao,2025-10-25,13:26:20,-07:00,2025-10-25T13:26:20-07:00,2,0
index.js,17,js,ff67e33a,Acelynn Qiao,2025-10-25,13:26:20,-07:00,2025-10-25T13:26:20-07:00,2,17
index.js,18,js,ff67e33a,Acelynn Qiao,2025-10-25,13:26:20,-07:00,2025-10-25T13:26:20-07:00,4,24
index.js,19,js,ff67e33a,Acelynn Qiao,2025-10-25,13:26:20,-07:00,2025-10-25T13:26:20-07:00,6,2
index.js,20,js,ff67e33a,Acelynn Qiao,2025-10-25,13:26:20,-07:00,2025-10-25T13:26:20-07:00,8,55
index.js,21,js,ff67e33a,Acelynn Qiao,2025-10-25,13:26:20,-07:00,2025-10-25T13:26:20-07:00,8,49
index.js,22,js,ff67e33a,Acelynn Qiao,2025-10-25,13:26:20,-07:00,2025-10-25T13:26:20-07:00,8,49
index.js,23,js,ff67e33a,Acelynn Qiao,2025-10-25,13:26:20,-07:00,2025-10-25T13:26:20-07:00,6,3
index.js,24,js,ff67e33a,Acelynn Qiao,2025-10-25,13:26:20,-07:00,2025-10-25T13:26:20-07:00,4,0
index.js,25,js,ff67e33a,Acelynn Qiao,2025-10-25,13:26:20,-07:00,2025-10-25T13:26:20-07:00,4,36
index.js,26,js,a7098516,Acelynn Qiao,2025-10-25,13:18:50,-07:00,2025-10-25T13:18:50-07:00,2,0
index.js,27,js,a7098516,Acelynn Qiao,2025-10-25,13:18:50,-07:00,2025-10-25T13:18:50-07:00,0,1
index.html,1,html,d4395618,Acelynn Qiao,2025-10-01,13:37:31,-07:00,2025-10-01T13:37:31-07:00,0,13
index.html,2,html,d4395618,Acelynn Qiao,2025-10-01,13:37:31,-07:00,2025-10-01T13:37:31-07:00,0,14
index.html,3,html,d4395618,Acelynn Qiao,2025-10-01,13:37:31,-07:00,2025-10-01T13:37:31-07:00,0,4
index.html,4,html,d4395618,Acelynn Qiao,2025-10-01,13:37:31,-07:00,2025-10-01T13:37:31-07:00,2,20
index.html,5,html,d4395618,Acelynn Qiao,2025-10-01,13:37:31,-07:00,2025-10-01T13:37:31-07:00,2,68
index.html,6,html,d4395618,Acelynn Qiao,2025-10-01,13:37:31,-07:00,2025-10-01T13:37:31-07:00,2,54
index.html,7,html,a5818bcd,Acelynn Qiao,2025-10-24,17:59:27,-07:00,2025-10-24T17:59:27-07:00,2,38
index.html,8,html,5131dce7,Acelynn Qiao,2025-10-16,15:33:55,-07:00,2025-10-16T15:33:55-07:00,2,45
index.html,9,html,d4395618,Acelynn Qiao,2025-10-01,13:37:31,-07:00,2025-10-01T13:37:31-07:00,0,5
index.html,10,html,d4395618,Acelynn Qiao,2025-10-01,13:37:31,-07:00,2025-10-01T13:37:31-07:00,0,4
index.html,11,html,826be8ed,Acelynn Qiao,2025-10-02,15:40:55,-07:00,2025-10-02T15:40:55-07:00,0,0
index.html,12,html,d4395618,Acelynn Qiao,2025-10-01,13:37:31,-07:00,2025-10-01T13:37:31-07:00,2,19
index.html,13,html,a0e86748,Acelynn Qiao,2025-10-01,14:20:53,-07:00,2025-10-01T14:20:53-07:00,2,78
index.html,14,html,6502c42c,Acelynn Qiao,2025-10-01,14:02:35,-07:00,2025-10-01T14:02:35-07:00,2,89
index.html,15,html,a7098516,Acelynn Qiao,2025-10-25,13:18:50,-07:00,2025-10-25T13:18:50-07:00,0,0
index.html,16,html,a7098516,Acelynn Qiao,2025-10-25,13:18:50,-07:00,2025-10-25T13:18:50-07:00,2,22
index.html,17,html,a7098516,Acelynn Qiao,2025-10-25,13:18:50,-07:00,2025-10-25T13:18:50-07:00,2,20
index.html,18,html,a7098516,Acelynn Qiao,2025-10-25,13:18:50,-07:00,2025-10-25T13:18:50-07:00,2,4
index.html,19,html,ff67e33a,Acelynn Qiao,2025-10-25,13:26:20,-07:00,2025-10-25T13:26:20-07:00,4,30
index.html,20,html,ff67e33a,Acelynn Qiao,2025-10-25,13:26:20,-07:00,2025-10-25T13:26:20-07:00,4,22
index.html,21,html,ff67e33a,Acelynn Qiao,2025-10-25,13:26:20,-07:00,2025-10-25T13:26:20-07:00,4,20
index.html,22,html,ff67e33a,Acelynn Qiao,2025-10-25,13:26:20,-07:00,2025-10-25T13:26:20-07:00,6,44
index.html,23,html,ff67e33a,Acelynn Qiao,2025-10-25,13:26:20,-07:00,2025-10-25T13:26:20-07:00,4,4
index.html,24,html,ff67e33a,Acelynn Qiao,2025-10-25,13:26:20,-07:00,2025-10-25T13:26:20-07:00,2,0
index.html,25,html,ff67e33a,Acelynn Qiao,2025-10-25,13:26:20,-07:00,2025-10-25T13:26:20-07:00,4,36
index.html,26,html,ff67e33a,Acelynn Qiao,2025-10-25,13:26:20,-07:00,2025-10-25T13:26:20-07:00,4,19
index.html,27,html,ff67e33a,Acelynn Qiao,2025-10-25,13:26:20,-07:00,2025-10-25T13:26:20-07:00,4,22
index.html,28,html,ff67e33a,Acelynn Qiao,2025-10-25,13:26:20,-07:00,2025-10-25T13:26:20-07:00,6,48
index.html,29,html,ff67e33a,Acelynn Qiao,2025-10-25,13:26:20,-07:00,2025-10-25T13:26:20-07:00,4,4
index.html,30,html,ff67e33a,Acelynn Qiao,2025-10-25,13:26:20,-07:00,2025-10-25T13:26:20-07:00,2,0
index.html,31,html,ff67e33a,Acelynn Qiao,2025-10-25,13:26:20,-07:00,2025-10-25T13:26:20-07:00,4,44
index.html,32,html,ff67e33a,Acelynn Qiao,2025-10-25,13:26:20,-07:00,2025-10-25T13:26:20-07:00,2,5
index.html,33,html,a7098516,Acelynn Qiao,2025-10-25,13:18:50,-07:00,2025-10-25T13:18:50-07:00,0,0
index.html,34,html,a7098516,Acelynn Qiao,2025-10-25,13:18:50,-07:00,2025-10-25T13:18:50-07:00,2,44
index.html,35,html,d4395618,Acelynn Qiao,2025-10-01,13:37:31,-07:00,2025-10-01T13:37:31-07:00,0,5
index.html,36,html,47c67a4f,Acelynn Qiao,2025-10-01,14:27:27,-07:00,2025-10-01T14:27:27-07:00,0,5
global.js,1,js,abcf62ff,Acelynn Qiao,2025-10-16,17:32:40,-07:00,2025-10-16T17:32:40-07:00,0,0
global.js,2,js,69a30d47,Acelynn Qiao,2025-10-16,15:51:48,-07:00,2025-10-16T15:51:48-07:00,0,28
global.js,3,js,8013d19e,Acelynn Qiao,2025-10-16,17:07:21,-07:00,2025-10-16T17:07:21-07:00,0,30
global.js,4,js,69a30d47,Acelynn Qiao,2025-10-16,15:51:48,-07:00,2025-10-16T15:51:48-07:00,0,0
global.js,5,js,69a30d47,Acelynn Qiao,2025-10-16,15:51:48,-07:00,2025-10-16T15:51:48-07:00,0,44
global.js,6,js,8013d19e,Acelynn Qiao,2025-10-16,17:07:21,-07:00,2025-10-16T17:07:21-07:00,0,33
global.js,7,js,8013d19e,Acelynn Qiao,2025-10-16,17:07:21,-07:00,2025-10-16T17:07:21-07:00,0,70
global.js,8,js,8013d19e,Acelynn Qiao,2025-10-16,17:07:21,-07:00,2025-10-16T17:07:21-07:00,0,3
global.js,9,js,69a30d47,Acelynn Qiao,2025-10-16,15:51:48,-07:00,2025-10-16T15:51:48-07:00,0,0
global.js,10,js,69a30d47,Acelynn Qiao,2025-10-16,15:51:48,-07:00,2025-10-16T15:51:48-07:00,0,57
global.js,11,js,8013d19e,Acelynn Qiao,2025-10-16,17:07:21,-07:00,2025-10-16T17:07:21-07:00,0,19
global.js,12,js,8013d19e,Acelynn Qiao,2025-10-16,17:07:21,-07:00,2025-10-16T17:07:21-07:00,0,40
global.js,13,js,8013d19e,Acelynn Qiao,2025-10-16,17:07:21,-07:00,2025-10-16T17:07:21-07:00,0,2
global.js,14,js,8013d19e,Acelynn Qiao,2025-10-16,17:07:21,-07:00,2025-10-16T17:07:21-07:00,0,0
global.js,15,js,e365056c,Acelynn Qiao,2025-10-16,17:09:49,-07:00,2025-10-16T17:09:49-07:00,0,26
global.js,16,js,e365056c,Acelynn Qiao,2025-10-16,17:09:49,-07:00,2025-10-16T17:09:49-07:00,0,0
global.js,17,js,e365056c,Acelynn Qiao,2025-10-16,17:09:49,-07:00,2025-10-16T17:09:49-07:00,0,41
global.js,18,js,e365056c,Acelynn Qiao,2025-10-16,17:09:49,-07:00,2025-10-16T17:09:49-07:00,1,52
global.js,19,js,e365056c,Acelynn Qiao,2025-10-16,17:09:49,-07:00,2025-10-16T17:09:49-07:00,0,0
global.js,20,js,e365056c,Acelynn Qiao,2025-10-16,17:09:49,-07:00,2025-10-16T17:09:49-07:00,0,0
global.js,21,js,e365056c,Acelynn Qiao,2025-10-16,17:09:49,-07:00,2025-10-16T17:09:49-07:00,0,40
global.js,22,js,8013d19e,Acelynn Qiao,2025-10-16,17:07:21,-07:00,2025-10-16T17:07:21-07:00,0,11
global.js,23,js,e365056c,Acelynn Qiao,2025-10-16,17:09:49,-07:00,2025-10-16T17:09:49-07:00,1,25
global.js,24,js,e365056c,Acelynn Qiao,2025-10-16,17:09:49,-07:00,2025-10-16T17:09:49-07:00,1,38
global.js,25,js,e365056c,Acelynn Qiao,2025-10-16,17:09:49,-07:00,2025-10-16T17:09:49-07:00,1,36
global.js,26,js,e365056c,Acelynn Qiao,2025-10-16,17:09:49,-07:00,2025-10-16T17:09:49-07:00,1,30
global.js,27,js,97961bc6,Acelynn Qiao,2025-11-06,15:58:18,-08:00,2025-11-06T15:58:18-08:00,1,30
global.js,28,js,e365056c,Acelynn Qiao,2025-10-16,17:09:49,-07:00,2025-10-16T17:09:49-07:00,1,50
global.js,29,js,8013d19e,Acelynn Qiao,2025-10-16,17:07:21,-07:00,2025-10-16T17:07:21-07:00,0,0
global.js,30,js,8013d19e,Acelynn Qiao,2025-10-16,17:07:21,-07:00,2025-10-16T17:07:21-07:00,0,0
global.js,31,js,e365056c,Acelynn Qiao,2025-10-16,17:09:49,-07:00,2025-10-16T17:09:49-07:00,0,41
global.js,32,js,e365056c,Acelynn Qiao,2025-10-16,17:09:49,-07:00,2025-10-16T17:09:49-07:00,0,88
global.js,33,js,e365056c,Acelynn Qiao,2025-10-16,17:09:49,-07:00,2025-10-16T17:09:49-07:00,1,52
global.js,34,js,e365056c,Acelynn Qiao,2025-10-16,17:09:49,-07:00,2025-10-16T17:09:49-07:00,1,61
global.js,35,js,8013d19e,Acelynn Qiao,2025-10-16,17:07:21,-07:00,2025-10-16T17:07:21-07:00,0,0
global.js,36,js,e365056c,Acelynn Qiao,2025-10-16,17:09:49,-07:00,2025-10-16T17:09:49-07:00,0,26
global.js,37,js,8013d19e,Acelynn Qiao,2025-10-16,17:07:21,-07:00,2025-10-16T17:07:21-07:00,0,38
global.js,38,js,e365056c,Acelynn Qiao,2025-10-16,17:09:49,-07:00,2025-10-16T17:09:49-07:00,0,25
global.js,39,js,8013d19e,Acelynn Qiao,2025-10-16,17:07:21,-07:00,2025-10-16T17:07:21-07:00,0,0
global.js,40,js,e365056c,Acelynn Qiao,2025-10-16,17:09:49,-07:00,2025-10-16T17:09:49-07:00,0,28
global.js,41,js,8013d19e,Acelynn Qiao,2025-10-16,17:07:21,-07:00,2025-10-16T17:07:21-07:00,0,20
global.js,42,js,e365056c,Acelynn Qiao,2025-10-16,17:09:49,-07:00,2025-10-16T17:09:49-07:00,1,14
global.js,43,js,e365056c,Acelynn Qiao,2025-10-16,17:09:49,-07:00,2025-10-16T17:09:49-07:00,1,18
global.js,44,js,e365056c,Acelynn Qiao,2025-10-16,17:09:49,-07:00,2025-10-16T17:09:49-07:00,1,0
global.js,45,js,e365056c,Acelynn Qiao,2025-10-16,17:09:49,-07:00,2025-10-16T17:09:49-07:00,1,36
global.js,46,js,e365056c,Acelynn Qiao,2025-10-16,17:09:49,-07:00,2025-10-16T17:09:49-07:00,1,28
global.js,47,js,e365056c,Acelynn Qiao,2025-10-16,17:09:49,-07:00,2025-10-16T17:09:49-07:00,2,20
global.js,48,js,e365056c,Acelynn Qiao,2025-10-16,17:09:49,-07:00,2025-10-16T17:09:49-07:00,1,0
global.js,49,js,e365056c,Acelynn Qiao,2025-10-16,17:09:49,-07:00,2025-10-16T17:09:49-07:00,1,0
global.js,50,js,e365056c,Acelynn Qiao,2025-10-16,17:09:49,-07:00,2025-10-16T17:09:49-07:00,1,54
global.js,51,js,e365056c,Acelynn Qiao,2025-10-16,17:09:49,-07:00,2025-10-16T17:09:49-07:00,1,34
global.js,52,js,e365056c,Acelynn Qiao,2025-10-16,17:09:49,-07:00,2025-10-16T17:09:49-07:00,1,11
global.js,53,js,e365056c,Acelynn Qiao,2025-10-16,17:09:49,-07:00,2025-10-16T17:09:49-07:00,1,20
global.js,54,js,e365056c,Acelynn Qiao,2025-10-16,17:09:49,-07:00,2025-10-16T17:09:49-07:00,1,0
global.js,55,js,e365056c,Acelynn Qiao,2025-10-16,17:09:49,-07:00,2025-10-16T17:09:49-07:00,1,33
global.js,56,js,e365056c,Acelynn Qiao,2025-10-16,17:09:49,-07:00,2025-10-16T17:09:49-07:00,1,17
global.js,57,js,e365056c,Acelynn Qiao,2025-10-16,17:09:49,-07:00,2025-10-16T17:09:49-07:00,2,8
global.js,58,js,e365056c,Acelynn Qiao,2025-10-16,17:09:49,-07:00,2025-10-16T17:09:49-07:00,2,58
global.js,59,js,e365056c,Acelynn Qiao,2025-10-16,17:09:49,-07:00,2025-10-16T17:09:49-07:00,1,0
global.js,60,js,e365056c,Acelynn Qiao,2025-10-16,17:09:49,-07:00,2025-10-16T17:09:49-07:00,1,0
global.js,61,js,e365056c,Acelynn Qiao,2025-10-16,17:09:49,-07:00,2025-10-16T17:09:49-07:00,1,41
global.js,62,js,e365056c,Acelynn Qiao,2025-10-16,17:09:49,-07:00,2025-10-16T17:09:49-07:00,1,29
global.js,63,js,e365056c,Acelynn Qiao,2025-10-16,17:09:49,-07:00,2025-10-16T17:09:49-07:00,2,18
global.js,64,js,e365056c,Acelynn Qiao,2025-10-16,17:09:49,-07:00,2025-10-16T17:09:49-07:00,1,0
global.js,65,js,e365056c,Acelynn Qiao,2025-10-16,17:09:49,-07:00,2025-10-16T17:09:49-07:00,1,0
global.js,66,js,e365056c,Acelynn Qiao,2025-10-16,17:09:49,-07:00,2025-10-16T17:09:49-07:00,1,12
global.js,67,js,abcf62ff,Acelynn Qiao,2025-10-16,17:32:40,-07:00,2025-10-16T17:32:40-07:00,0,0
global.js,68,js,abcf62ff,Acelynn Qiao,2025-10-16,17:32:40,-07:00,2025-10-16T17:32:40-07:00,0,0
global.js,69,js,abcf62ff,Acelynn Qiao,2025-10-16,17:32:40,-07:00,2025-10-16T17:32:40-07:00,0,27
global.js,70,js,abcf62ff,Acelynn Qiao,2025-10-16,17:32:40,-07:00,2025-10-16T17:32:40-07:00,0,24
global.js,71,js,abcf62ff,Acelynn Qiao,2025-10-16,17:32:40,-07:00,2025-10-16T17:32:40-07:00,0,31
global.js,72,js,abcf62ff,Acelynn Qiao,2025-10-16,17:32:40,-07:00,2025-10-16T17:32:40-07:00,2,11
global.js,73,js,abcf62ff,Acelynn Qiao,2025-10-16,17:32:40,-07:00,2025-10-16T17:32:40-07:00,2,0
global.js,74,js,abcf62ff,Acelynn Qiao,2025-10-16,17:32:40,-07:00,2025-10-16T17:32:40-07:00,2,26
global.js,75,js,abcf62ff,Acelynn Qiao,2025-10-16,17:32:40,-07:00,2025-10-16T17:32:40-07:00,4,4
global.js,76,js,abcf62ff,Acelynn Qiao,2025-10-16,17:32:40,-07:00,2025-10-16T17:32:40-07:00,4,6
global.js,77,js,abcf62ff,Acelynn Qiao,2025-10-16,17:32:40,-07:00,2025-10-16T17:32:40-07:00,6,43
global.js,78,js,abcf62ff,Acelynn Qiao,2025-10-16,17:32:40,-07:00,2025-10-16T17:32:40-07:00,6,34
global.js,79,js,abcf62ff,Acelynn Qiao,2025-10-16,17:32:40,-07:00,2025-10-16T17:32:40-07:00,6,32
global.js,80,js,abcf62ff,Acelynn Qiao,2025-10-16,17:32:40,-07:00,2025-10-16T17:32:40-07:00,4,7
global.js,81,js,abcf62ff,Acelynn Qiao,2025-10-16,17:32:40,-07:00,2025-10-16T17:32:40-07:00,2,6
global.js,82,js,abcf62ff,Acelynn Qiao,2025-10-16,17:32:40,-07:00,2025-10-16T17:32:40-07:00,2,0
global.js,83,js,abcf62ff,Acelynn Qiao,2025-10-16,17:32:40,-07:00,2025-10-16T17:32:40-07:00,0,0
global.js,84,js,abcf62ff,Acelynn Qiao,2025-10-16,17:32:40,-07:00,2025-10-16T17:32:40-07:00,0,0
global.js,85,js,abcf62ff,Acelynn Qiao,2025-10-16,17:32:40,-07:00,2025-10-16T17:32:40-07:00,0,36
global.js,86,js,abcf62ff,Acelynn Qiao,2025-10-16,17:32:40,-07:00,2025-10-16T17:32:40-07:00,0,60
global.js,87,js,abcf62ff,Acelynn Qiao,2025-10-16,17:32:40,-07:00,2025-10-16T17:32:40-07:00,0,0
global.js,88,js,abcf62ff,Acelynn Qiao,2025-10-16,17:32:40,-07:00,2025-10-16T17:32:40-07:00,0,29
global.js,89,js,abcf62ff,Acelynn Qiao,2025-10-16,17:32:40,-07:00,2025-10-16T17:32:40-07:00,0,36
global.js,90,js,abcf62ff,Acelynn Qiao,2025-10-16,17:32:40,-07:00,2025-10-16T17:32:40-07:00,2,70
global.js,91,js,abcf62ff,Acelynn Qiao,2025-10-16,17:32:40,-07:00,2025-10-16T17:32:40-07:00,2,37
global.js,92,js,abcf62ff,Acelynn Qiao,2025-10-16,17:32:40,-07:00,2025-10-16T17:32:40-07:00,0,0
global.js,93,js,abcf62ff,Acelynn Qiao,2025-10-16,17:32:40,-07:00,2025-10-16T17:32:40-07:00,0,0
global.js,94,js,abcf62ff,Acelynn Qiao,2025-10-16,17:32:40,-07:00,2025-10-16T17:32:40-07:00,0,22
global.js,95,js,abcf62ff,Acelynn Qiao,2025-10-16,17:32:40,-07:00,2025-10-16T17:32:40-07:00,0,34
global.js,96,js,abcf62ff,Acelynn Qiao,2025-10-16,17:32:40,-07:00,2025-10-16T17:32:40-07:00,2,39
global.js,97,js,abcf62ff,Acelynn Qiao,2025-10-16,17:32:40,-07:00,2025-10-16T17:32:40-07:00,2,38
global.js,98,js,abcf62ff,Acelynn Qiao,2025-10-16,17:32:40,-07:00,2025-10-16T17:32:40-07:00,0,0
global.js,99,js,abcf62ff,Acelynn Qiao,2025-10-16,17:32:40,-07:00,2025-10-16T17:32:40-07:00,0,0
global.js,100,js,abcf62ff,Acelynn Qiao,2025-10-16,17:32:40,-07:00,2025-10-16T17:32:40-07:00,0,19
global.js,101,js,abcf62ff,Acelynn Qiao,2025-10-16,17:32:40,-07:00,2025-10-16T17:32:40-07:00,0,49
global.js,102,js,abcf62ff,Acelynn Qiao,2025-10-16,17:32:40,-07:00,2025-10-16T17:32:40-07:00,2,33
global.js,103,js,472e6dcc,Acelynn Qiao,2025-10-16,17:40:12,-07:00,2025-10-16T17:40:12-07:00,0,1
global.js,104,js,472e6dcc,Acelynn Qiao,2025-10-16,17:40:12,-07:00,2025-10-16T17:40:12-07:00,0,0
global.js,105,js,472e6dcc,Acelynn Qiao,2025-10-16,17:40:12,-07:00,2025-10-16T17:40:12-07:00,0,28
global.js,106,js,472e6dcc,Acelynn Qiao,2025-10-16,17:40:12,-07:00,2025-10-16T17:40:12-07:00,0,61
global.js,107,js,472e6dcc,Acelynn Qiao,2025-10-16,17:40:12,-07:00,2025-10-16T17:40:12-07:00,0,0
global.js,108,js,472e6dcc,Acelynn Qiao,2025-10-16,17:40:12,-07:00,2025-10-16T17:40:12-07:00,0,49
global.js,109,js,472e6dcc,Acelynn Qiao,2025-10-16,17:40:12,-07:00,2025-10-16T17:40:12-07:00,2,36
global.js,110,js,472e6dcc,Acelynn Qiao,2025-10-16,17:40:12,-07:00,2025-10-16T17:40:12-07:00,2,21
global.js,111,js,472e6dcc,Acelynn Qiao,2025-10-16,17:40:12,-07:00,2025-10-16T17:40:12-07:00,2,0
global.js,112,js,472e6dcc,Acelynn Qiao,2025-10-16,17:40:12,-07:00,2025-10-16T17:40:12-07:00,2,57
global.js,113,js,472e6dcc,Acelynn Qiao,2025-10-16,17:40:12,-07:00,2025-10-16T17:40:12-07:00,2,0
global.js,114,js,472e6dcc,Acelynn Qiao,2025-10-16,17:40:12,-07:00,2025-10-16T17:40:12-07:00,2,14
global.js,115,js,472e6dcc,Acelynn Qiao,2025-10-16,17:40:12,-07:00,2025-10-16T17:40:12-07:00,2,30
global.js,116,js,472e6dcc,Acelynn Qiao,2025-10-16,17:40:12,-07:00,2025-10-16T17:40:12-07:00,2,0
global.js,117,js,472e6dcc,Acelynn Qiao,2025-10-16,17:40:12,-07:00,2025-10-16T17:40:12-07:00,2,44
global.js,118,js,472e6dcc,Acelynn Qiao,2025-10-16,17:40:12,-07:00,2025-10-16T17:40:12-07:00,2,20
global.js,119,js,472e6dcc,Acelynn Qiao,2025-10-16,17:40:12,-07:00,2025-10-16T17:40:12-07:00,2,20
global.js,120,js,472e6dcc,Acelynn Qiao,2025-10-16,17:40:12,-07:00,2025-10-16T17:40:12-07:00,2,0
global.js,121,js,472e6dcc,Acelynn Qiao,2025-10-16,17:40:12,-07:00,2025-10-16T17:40:12-07:00,2,52
global.js,122,js,472e6dcc,Acelynn Qiao,2025-10-16,17:40:12,-07:00,2025-10-16T17:40:12-07:00,2,31
global.js,123,js,472e6dcc,Acelynn Qiao,2025-10-16,17:40:12,-07:00,2025-10-16T17:40:12-07:00,4,59
global.js,124,js,472e6dcc,Acelynn Qiao,2025-10-16,17:40:12,-07:00,2025-10-16T17:40:12-07:00,4,45
global.js,125,js,472e6dcc,Acelynn Qiao,2025-10-16,17:40:12,-07:00,2025-10-16T17:40:12-07:00,4,0
global.js,126,js,472e6dcc,Acelynn Qiao,2025-10-16,17:40:12,-07:00,2025-10-16T17:40:12-07:00,4,55
global.js,127,js,472e6dcc,Acelynn Qiao,2025-10-16,17:40:12,-07:00,2025-10-16T17:40:12-07:00,4,15
global.js,128,js,472e6dcc,Acelynn Qiao,2025-10-16,17:40:12,-07:00,2025-10-16T17:40:12-07:00,6,9
global.js,129,js,472e6dcc,Acelynn Qiao,2025-10-16,17:40:12,-07:00,2025-10-16T17:40:12-07:00,6,17
global.js,130,js,472e6dcc,Acelynn Qiao,2025-10-16,17:40:12,-07:00,2025-10-16T17:40:12-07:00,4,6
global.js,131,js,472e6dcc,Acelynn Qiao,2025-10-16,17:40:12,-07:00,2025-10-16T17:40:12-07:00,6,9
global.js,132,js,472e6dcc,Acelynn Qiao,2025-10-16,17:40:12,-07:00,2025-10-16T17:40:12-07:00,4,0
global.js,133,js,472e6dcc,Acelynn Qiao,2025-10-16,17:40:12,-07:00,2025-10-16T17:40:12-07:00,4,0
global.js,134,js,472e6dcc,Acelynn Qiao,2025-10-16,17:40:12,-07:00,2025-10-16T17:40:12-07:00,4,38
global.js,135,js,472e6dcc,Acelynn Qiao,2025-10-16,17:40:12,-07:00,2025-10-16T17:40:12-07:00,4,31
global.js,136,js,472e6dcc,Acelynn Qiao,2025-10-16,17:40:12,-07:00,2025-10-16T17:40:12-07:00,4,0
global.js,137,js,472e6dcc,Acelynn Qiao,2025-10-16,17:40:12,-07:00,2025-10-16T17:40:12-07:00,4,52
global.js,138,js,472e6dcc,Acelynn Qiao,2025-10-16,17:40:12,-07:00,2025-10-16T17:40:12-07:00,2,0
global.js,139,js,472e6dcc,Acelynn Qiao,2025-10-16,17:40:12,-07:00,2025-10-16T17:40:12-07:00,2,0
global.js,140,js,472e6dcc,Acelynn Qiao,2025-10-16,17:40:12,-07:00,2025-10-16T17:40:12-07:00,2,32
global.js,141,js,472e6dcc,Acelynn Qiao,2025-10-16,17:40:12,-07:00,2025-10-16T17:40:12-07:00,2,0
global.js,142,js,472e6dcc,Acelynn Qiao,2025-10-16,17:40:12,-07:00,2025-10-16T17:40:12-07:00,2,52
global.js,143,js,472e6dcc,Acelynn Qiao,2025-10-16,17:40:12,-07:00,2025-10-16T17:40:12-07:00,2,18
global.js,144,js,ce5b2ba5,Acelynn Qiao,2025-10-25,13:13:13,-07:00,2025-10-25T13:13:13-07:00,0,1
global.js,145,js,ce5b2ba5,Acelynn Qiao,2025-10-25,13:13:13,-07:00,2025-10-25T13:13:13-07:00,0,0
global.js,146,js,ce5b2ba5,Acelynn Qiao,2025-10-25,13:13:13,-07:00,2025-10-25T13:13:13-07:00,0,36
global.js,147,js,ce5b2ba5,Acelynn Qiao,2025-10-25,13:13:13,-07:00,2025-10-25T13:13:13-07:00,1,3
global.js,148,js,ce5b2ba5,Acelynn Qiao,2025-10-25,13:13:13,-07:00,2025-10-25T13:13:13-07:00,2,32
global.js,149,js,ce5b2ba5,Acelynn Qiao,2025-10-25,13:13:13,-07:00,2025-10-25T13:13:13-07:00,2,17
global.js,150,js,ce5b2ba5,Acelynn Qiao,2025-10-25,13:13:13,-07:00,2025-10-25T13:13:13-07:00,3,57
global.js,151,js,ce5b2ba5,Acelynn Qiao,2025-10-25,13:13:13,-07:00,2025-10-25T13:13:13-07:00,2,0
global.js,152,js,ce5b2ba5,Acelynn Qiao,2025-10-25,13:13:13,-07:00,2025-10-25T13:13:13-07:00,2,33
global.js,153,js,ce5b2ba5,Acelynn Qiao,2025-10-25,13:13:13,-07:00,2025-10-25T13:13:13-07:00,2,10
global.js,154,js,ce5b2ba5,Acelynn Qiao,2025-10-25,13:13:13,-07:00,2025-10-25T13:13:13-07:00,1,15
global.js,155,js,ce5b2ba5,Acelynn Qiao,2025-10-25,13:13:13,-07:00,2025-10-25T13:13:13-07:00,2,43
global.js,156,js,ce5b2ba5,Acelynn Qiao,2025-10-25,13:13:13,-07:00,2025-10-25T13:13:13-07:00,1,0
global.js,157,js,ce5b2ba5,Acelynn Qiao,2025-10-25,13:13:13,-07:00,2025-10-25T13:13:13-07:00,0,0
global.js,158,js,ce5b2ba5,Acelynn Qiao,2025-10-25,13:13:13,-07:00,2025-10-25T13:13:13-07:00,0,0
global.js,159,js,ce5b2ba5,Acelynn Qiao,2025-10-25,13:13:13,-07:00,2025-10-25T13:13:13-07:00,0,79
global.js,160,js,ce5b2ba5,Acelynn Qiao,2025-10-25,13:13:13,-07:00,2025-10-25T13:13:13-07:00,1,30
global.js,161,js,ce5b2ba5,Acelynn Qiao,2025-10-25,13:13:13,-07:00,2025-10-25T13:13:13-07:00,1,0
global.js,162,js,ce5b2ba5,Acelynn Qiao,2025-10-25,13:13:13,-07:00,2025-10-25T13:13:13-07:00,1,29
global.js,163,js,ce5b2ba5,Acelynn Qiao,2025-10-25,13:13:13,-07:00,2025-10-25T13:13:13-07:00,2,48
global.js,164,js,ce5b2ba5,Acelynn Qiao,2025-10-25,13:13:13,-07:00,2025-10-25T13:13:13-07:00,2,19
global.js,165,js,ce5b2ba5,Acelynn Qiao,2025-10-25,13:13:13,-07:00,2025-10-25T13:13:13-07:00,3,49
global.js,166,js,ce5b2ba5,Acelynn Qiao,2025-10-25,13:13:13,-07:00,2025-10-25T13:13:13-07:00,3,49
global.js,167,js,9188ee75,Acelynn Qiao,2025-10-29,19:44:42,-07:00,2025-10-29T19:44:42-07:00,3,27
global.js,168,js,9188ee75,Acelynn Qiao,2025-10-29,19:44:42,-07:00,2025-10-29T19:44:42-07:00,4,27
global.js,169,js,9188ee75,Acelynn Qiao,2025-10-29,19:44:42,-07:00,2025-10-29T19:44:42-07:00,4,45
global.js,170,js,9188ee75,Acelynn Qiao,2025-10-29,19:44:42,-07:00,2025-10-29T19:44:42-07:00,3,4
global.js,171,js,ce5b2ba5,Acelynn Qiao,2025-10-25,13:13:13,-07:00,2025-10-25T13:13:13-07:00,2,0
global.js,172,js,ce5b2ba5,Acelynn Qiao,2025-10-25,13:13:13,-07:00,2025-10-25T13:13:13-07:00,2,36
global.js,173,js,ce5b2ba5,Acelynn Qiao,2025-10-25,13:13:13,-07:00,2025-10-25T13:13:13-07:00,1,0
global.js,174,js,ff67e33a,Acelynn Qiao,2025-10-25,13:26:20,-07:00,2025-10-25T13:26:20-07:00,0,0
global.js,175,js,ff67e33a,Acelynn Qiao,2025-10-25,13:26:20,-07:00,2025-10-25T13:26:20-07:00,0,0
global.js,176,js,ff67e33a,Acelynn Qiao,2025-10-25,13:26:20,-07:00,2025-10-25T13:26:20-07:00,0,47
global.js,177,js,ff67e33a,Acelynn Qiao,2025-10-25,13:26:20,-07:00,2025-10-25T13:26:20-07:00,1,59
global.js,178,js,ce5b2ba5,Acelynn Qiao,2025-10-25,13:13:13,-07:00,2025-10-25T13:13:13-07:00,0,0
projects/projects.js,1,js,2ce011ce,Acelynn Qiao,2025-10-24,18:12:48,-07:00,2025-10-24T18:12:48-07:00,0,55
projects/projects.js,2,js,ef7da9e9,Acelynn Qiao,2025-10-29,20:10:39,-07:00,2025-10-29T20:10:39-07:00,0,63
projects/projects.js,3,js,2ce011ce,Acelynn Qiao,2025-10-24,18:12:48,-07:00,2025-10-24T18:12:48-07:00,0,0
projects/projects.js,4,js,2ce011ce,Acelynn Qiao,2025-10-24,18:12:48,-07:00,2025-10-24T18:12:48-07:00,0,55
projects/projects.js,5,js,2ce011ce,Acelynn Qiao,2025-10-24,18:12:48,-07:00,2025-10-24T18:12:48-07:00,0,60
projects/projects.js,6,js,b60f5f41,Acelynn Qiao,2025-10-30,02:23:46,-07:00,2025-10-30T02:23:46-07:00,0,13
projects/projects.js,7,js,42c1354b,Acelynn Qiao,2025-10-30,15:32:58,-07:00,2025-10-30T15:32:58-07:00,0,21
projects/projects.js,8,js,42c1354b,Acelynn Qiao,2025-10-30,15:32:58,-07:00,2025-10-30T15:32:58-07:00,0,30
projects/projects.js,9,js,2ce011ce,Acelynn Qiao,2025-10-24,18:12:48,-07:00,2025-10-24T18:12:48-07:00,0,0
projects/projects.js,10,js,b60f5f41,Acelynn Qiao,2025-10-30,02:23:46,-07:00,2025-10-30T02:23:46-07:00,0,33
projects/projects.js,11,js,2ce011ce,Acelynn Qiao,2025-10-24,18:12:48,-07:00,2025-10-24T18:12:48-07:00,0,48
projects/projects.js,12,js,2ce011ce,Acelynn Qiao,2025-10-24,18:12:48,-07:00,2025-10-24T18:12:48-07:00,0,0
projects/projects.js,13,js,2ce011ce,Acelynn Qiao,2025-10-24,18:12:48,-07:00,2025-10-24T18:12:48-07:00,0,36
projects/projects.js,14,js,063cafb6,Acelynn Qiao,2025-10-25,13:08:54,-07:00,2025-10-25T13:08:54-07:00,0,58
projects/projects.js,15,js,2ce011ce,Acelynn Qiao,2025-10-24,18:12:48,-07:00,2025-10-24T18:12:48-07:00,0,14
projects/projects.js,16,js,ef7da9e9,Acelynn Qiao,2025-10-29,20:10:39,-07:00,2025-10-29T20:10:39-07:00,2,54
projects/projects.js,17,js,063cafb6,Acelynn Qiao,2025-10-25,13:08:54,-07:00,2025-10-25T13:08:54-07:00,0,0
projects/projects.js,18,js,ef7da9e9,Acelynn Qiao,2025-10-29,20:10:39,-07:00,2025-10-29T20:10:39-07:00,0,0
projects/projects.js,19,js,b60f5f41,Acelynn Qiao,2025-10-30,02:23:46,-07:00,2025-10-30T02:23:46-07:00,0,39
projects/projects.js,20,js,b60f5f41,Acelynn Qiao,2025-10-30,02:23:46,-07:00,2025-10-30T02:23:46-07:00,0,50
projects/projects.js,21,js,b60f5f41,Acelynn Qiao,2025-10-30,02:23:46,-07:00,2025-10-30T02:23:46-07:00,0,34
projects/projects.js,22,js,b60f5f41,Acelynn Qiao,2025-10-30,02:23:46,-07:00,2025-10-30T02:23:46-07:00,0,26
projects/projects.js,23,js,b60f5f41,Acelynn Qiao,2025-10-30,02:23:46,-07:00,2025-10-30T02:23:46-07:00,0,56
projects/projects.js,24,js,b60f5f41,Acelynn Qiao,2025-10-30,02:23:46,-07:00,2025-10-30T02:23:46-07:00,0,46
projects/projects.js,25,js,3db00f22,Acelynn Qiao,2025-10-30,02:15:54,-07:00,2025-10-30T02:15:54-07:00,0,0
projects/projects.js,26,js,b60f5f41,Acelynn Qiao,2025-10-30,02:23:46,-07:00,2025-10-30T02:23:46-07:00,0,44
projects/projects.js,27,js,b60f5f41,Acelynn Qiao,2025-10-30,02:23:46,-07:00,2025-10-30T02:23:46-07:00,0,64
projects/projects.js,28,js,b60f5f41,Acelynn Qiao,2025-10-30,02:23:46,-07:00,2025-10-30T02:23:46-07:00,0,32
projects/projects.js,29,js,b60f5f41,Acelynn Qiao,2025-10-30,02:23:46,-07:00,2025-10-30T02:23:46-07:00,0,0
projects/projects.js,30,js,42c1354b,Acelynn Qiao,2025-10-30,15:32:58,-07:00,2025-10-30T15:32:58-07:00,0,61
projects/projects.js,31,js,b60f5f41,Acelynn Qiao,2025-10-30,02:23:46,-07:00,2025-10-30T02:23:46-07:00,0,38
projects/projects.js,32,js,b60f5f41,Acelynn Qiao,2025-10-30,02:23:46,-07:00,2025-10-30T02:23:46-07:00,2,36
projects/projects.js,33,js,b60f5f41,Acelynn Qiao,2025-10-30,02:23:46,-07:00,2025-10-30T02:23:46-07:00,2,57
projects/projects.js,34,js,b60f5f41,Acelynn Qiao,2025-10-30,02:23:46,-07:00,2025-10-30T02:23:46-07:00,2,44
projects/projects.js,35,js,b60f5f41,Acelynn Qiao,2025-10-30,02:23:46,-07:00,2025-10-30T02:23:46-07:00,2,0
projects/projects.js,36,js,b60f5f41,Acelynn Qiao,2025-10-30,02:23:46,-07:00,2025-10-30T02:23:46-07:00,2,48
projects/projects.js,37,js,b60f5f41,Acelynn Qiao,2025-10-30,02:23:46,-07:00,2025-10-30T02:23:46-07:00,2,29
projects/projects.js,38,js,b60f5f41,Acelynn Qiao,2025-10-30,02:23:46,-07:00,2025-10-30T02:23:46-07:00,4,12
projects/projects.js,39,js,b60f5f41,Acelynn Qiao,2025-10-30,02:23:46,-07:00,2025-10-30T02:23:46-07:00,4,14
projects/projects.js,40,js,b60f5f41,Acelynn Qiao,2025-10-30,02:23:46,-07:00,2025-10-30T02:23:46-07:00,4,11
projects/projects.js,41,js,b60f5f41,Acelynn Qiao,2025-10-30,02:23:46,-07:00,2025-10-30T02:23:46-07:00,2,0
projects/projects.js,42,js,b60f5f41,Acelynn Qiao,2025-10-30,02:23:46,-07:00,2025-10-30T02:23:46-07:00,0,0
projects/projects.js,43,js,b60f5f41,Acelynn Qiao,2025-10-30,02:23:46,-07:00,2025-10-30T02:23:46-07:00,2,32
projects/projects.js,44,js,b60f5f41,Acelynn Qiao,2025-10-30,02:23:46,-07:00,2025-10-30T02:23:46-07:00,2,50
projects/projects.js,45,js,b60f5f41,Acelynn Qiao,2025-10-30,02:23:46,-07:00,2025-10-30T02:23:46-07:00,4,6
projects/projects.js,46,js,b60f5f41,Acelynn Qiao,2025-10-30,02:23:46,-07:00,2025-10-30T02:23:46-07:00,6,11
projects/projects.js,47,js,42c1354b,Acelynn Qiao,2025-10-30,15:32:58,-07:00,2025-10-30T15:32:58-07:00,6,20
projects/projects.js,48,js,42c1354b,Acelynn Qiao,2025-10-30,15:32:58,-07:00,2025-10-30T15:32:58-07:00,6,8
projects/projects.js,49,js,b60f5f41,Acelynn Qiao,2025-10-30,02:23:46,-07:00,2025-10-30T02:23:46-07:00,4,0
projects/projects.js,50,js,b60f5f41,Acelynn Qiao,2025-10-30,02:23:46,-07:00,2025-10-30T02:23:46-07:00,2,1
projects/projects.js,51,js,ef7da9e9,Acelynn Qiao,2025-10-29,20:10:39,-07:00,2025-10-29T20:10:39-07:00,0,0
projects/projects.js,52,js,b60f5f41,Acelynn Qiao,2025-10-30,02:23:46,-07:00,2025-10-30T02:23:46-07:00,2,38
projects/projects.js,53,js,b60f5f41,Acelynn Qiao,2025-10-30,02:23:46,-07:00,2025-10-30T02:23:46-07:00,2,23
projects/projects.js,54,js,b60f5f41,Acelynn Qiao,2025-10-30,02:23:46,-07:00,2025-10-30T02:23:46-07:00,4,21
projects/projects.js,55,js,b60f5f41,Acelynn Qiao,2025-10-30,02:23:46,-07:00,2025-10-30T02:23:46-07:00,4,27
projects/projects.js,56,js,b60f5f41,Acelynn Qiao,2025-10-30,02:23:46,-07:00,2025-10-30T02:23:46-07:00,6,13
projects/projects.js,57,js,b60f5f41,Acelynn Qiao,2025-10-30,02:23:46,-07:00,2025-10-30T02:23:46-07:00,6,15
projects/projects.js,58,js,ef7da9e9,Acelynn Qiao,2025-10-29,20:10:39,-07:00,2025-10-29T20:10:39-07:00,0,0
projects/projects.js,59,js,b60f5f41,Acelynn Qiao,2025-10-30,02:23:46,-07:00,2025-10-30T02:23:46-07:00,4,42
projects/projects.js,60,js,b60f5f41,Acelynn Qiao,2025-10-30,02:23:46,-07:00,2025-10-30T02:23:46-07:00,4,50
projects/projects.js,61,js,b60f5f41,Acelynn Qiao,2025-10-30,02:23:46,-07:00,2025-10-30T02:23:46-07:00,4,38
projects/projects.js,62,js,ef7da9e9,Acelynn Qiao,2025-10-29,20:10:39,-07:00,2025-10-29T20:10:39-07:00,0,0
projects/projects.js,63,js,b60f5f41,Acelynn Qiao,2025-10-30,02:23:46,-07:00,2025-10-30T02:23:46-07:00,4,19
projects/projects.js,64,js,b60f5f41,Acelynn Qiao,2025-10-30,02:23:46,-07:00,2025-10-30T02:23:46-07:00,4,49
projects/projects.js,65,js,ef7da9e9,Acelynn Qiao,2025-10-29,20:10:39,-07:00,2025-10-29T20:10:39-07:00,0,0
projects/projects.js,66,js,42c1354b,Acelynn Qiao,2025-10-30,15:32:58,-07:00,2025-10-30T15:32:58-07:00,4,37
projects/projects.js,67,js,b60f5f41,Acelynn Qiao,2025-10-30,02:23:46,-07:00,2025-10-30T02:23:46-07:00,4,31
projects/projects.js,68,js,b60f5f41,Acelynn Qiao,2025-10-30,02:23:46,-07:00,2025-10-30T02:23:46-07:00,6,29
projects/projects.js,69,js,b60f5f41,Acelynn Qiao,2025-10-30,02:23:46,-07:00,2025-10-30T02:23:46-07:00,8,13
projects/projects.js,70,js,b60f5f41,Acelynn Qiao,2025-10-30,02:23:46,-07:00,2025-10-30T02:23:46-07:00,8,29
projects/projects.js,71,js,b60f5f41,Acelynn Qiao,2025-10-30,02:23:46,-07:00,2025-10-30T02:23:46-07:00,8,24
projects/projects.js,72,js,b60f5f41,Acelynn Qiao,2025-10-30,02:23:46,-07:00,2025-10-30T02:23:46-07:00,8,22
projects/projects.js,73,js,42c1354b,Acelynn Qiao,2025-10-30,15:32:58,-07:00,2025-10-30T15:32:58-07:00,8,22
projects/projects.js,74,js,42c1354b,Acelynn Qiao,2025-10-30,15:32:58,-07:00,2025-10-30T15:32:58-07:00,8,53
projects/projects.js,75,js,42c1354b,Acelynn Qiao,2025-10-30,15:32:58,-07:00,2025-10-30T15:32:58-07:00,8,25
projects/projects.js,76,js,42c1354b,Acelynn Qiao,2025-10-30,15:32:58,-07:00,2025-10-30T15:32:58-07:00,8,18
projects/projects.js,77,js,42c1354b,Acelynn Qiao,2025-10-30,15:32:58,-07:00,2025-10-30T15:32:58-07:00,10,33
projects/projects.js,78,js,42c1354b,Acelynn Qiao,2025-10-30,15:32:58,-07:00,2025-10-30T15:32:58-07:00,10,47
projects/projects.js,79,js,42c1354b,Acelynn Qiao,2025-10-30,15:32:58,-07:00,2025-10-30T15:32:58-07:00,10,0
projects/projects.js,80,js,42c1354b,Acelynn Qiao,2025-10-30,15:32:58,-07:00,2025-10-30T15:32:58-07:00,10,27
projects/projects.js,81,js,42c1354b,Acelynn Qiao,2025-10-30,15:32:58,-07:00,2025-10-30T15:32:58-07:00,10,29
projects/projects.js,82,js,42c1354b,Acelynn Qiao,2025-10-30,15:32:58,-07:00,2025-10-30T15:32:58-07:00,12,16
projects/projects.js,83,js,42c1354b,Acelynn Qiao,2025-10-30,15:32:58,-07:00,2025-10-30T15:32:58-07:00,12,28
projects/projects.js,84,js,42c1354b,Acelynn Qiao,2025-10-30,15:32:58,-07:00,2025-10-30T15:32:58-07:00,14,41
projects/projects.js,85,js,42c1354b,Acelynn Qiao,2025-10-30,15:32:58,-07:00,2025-10-30T15:32:58-07:00,12,0
projects/projects.js,86,js,42c1354b,Acelynn Qiao,2025-10-30,15:32:58,-07:00,2025-10-30T15:32:58-07:00,10,0
projects/projects.js,87,js,42c1354b,Acelynn Qiao,2025-10-30,15:32:58,-07:00,2025-10-30T15:32:58-07:00,10,24
projects/projects.js,88,js,42c1354b,Acelynn Qiao,2025-10-30,15:32:58,-07:00,2025-10-30T15:32:58-07:00,10,18
projects/projects.js,89,js,42c1354b,Acelynn Qiao,2025-10-30,15:32:58,-07:00,2025-10-30T15:32:58-07:00,12,14
projects/projects.js,90,js,42c1354b,Acelynn Qiao,2025-10-30,15:32:58,-07:00,2025-10-30T15:32:58-07:00,12,30
projects/projects.js,91,js,42c1354b,Acelynn Qiao,2025-10-30,15:32:58,-07:00,2025-10-30T15:32:58-07:00,14,66
projects/projects.js,92,js,42c1354b,Acelynn Qiao,2025-10-30,15:32:58,-07:00,2025-10-30T15:32:58-07:00,12,0
projects/projects.js,93,js,42c1354b,Acelynn Qiao,2025-10-30,15:32:58,-07:00,2025-10-30T15:32:58-07:00,10,0
projects/projects.js,94,js,42c1354b,Acelynn Qiao,2025-10-30,15:32:58,-07:00,2025-10-30T15:32:58-07:00,10,45
projects/projects.js,95,js,42c1354b,Acelynn Qiao,2025-10-30,15:32:58,-07:00,2025-10-30T15:32:58-07:00,10,13
projects/projects.js,96,js,42c1354b,Acelynn Qiao,2025-10-30,15:32:58,-07:00,2025-10-30T15:32:58-07:00,8,1
projects/projects.js,97,js,b60f5f41,Acelynn Qiao,2025-10-30,02:23:46,-07:00,2025-10-30T02:23:46-07:00,4,1
projects/projects.js,98,js,b60f5f41,Acelynn Qiao,2025-10-30,02:23:46,-07:00,2025-10-30T02:23:46-07:00,0,0
projects/projects.js,99,js,42c1354b,Acelynn Qiao,2025-10-30,15:32:58,-07:00,2025-10-30T15:32:58-07:00,4,32
projects/projects.js,100,js,b60f5f41,Acelynn Qiao,2025-10-30,02:23:46,-07:00,2025-10-30T02:23:46-07:00,4,34
projects/projects.js,101,js,b60f5f41,Acelynn Qiao,2025-10-30,02:23:46,-07:00,2025-10-30T02:23:46-07:00,4,27
projects/projects.js,102,js,b60f5f41,Acelynn Qiao,2025-10-30,02:23:46,-07:00,2025-10-30T02:23:46-07:00,6,4
projects/projects.js,103,js,b60f5f41,Acelynn Qiao,2025-10-30,02:23:46,-07:00,2025-10-30T02:23:46-07:00,8,11
projects/projects.js,104,js,b60f5f41,Acelynn Qiao,2025-10-30,02:23:46,-07:00,2025-10-30T02:23:46-07:00,8,39
projects/projects.js,105,js,42c1354b,Acelynn Qiao,2025-10-30,15:32:58,-07:00,2025-10-30T15:32:58-07:00,8,76
projects/projects.js,106,js,42c1354b,Acelynn Qiao,2025-10-30,15:32:58,-07:00,2025-10-30T15:32:58-07:00,8,25
projects/projects.js,107,js,42c1354b,Acelynn Qiao,2025-10-30,15:32:58,-07:00,2025-10-30T15:32:58-07:00,8,68
projects/projects.js,108,js,42c1354b,Acelynn Qiao,2025-10-30,15:32:58,-07:00,2025-10-30T15:32:58-07:00,8,18
projects/projects.js,109,js,42c1354b,Acelynn Qiao,2025-10-30,15:32:58,-07:00,2025-10-30T15:32:58-07:00,10,42
projects/projects.js,110,js,42c1354b,Acelynn Qiao,2025-10-30,15:32:58,-07:00,2025-10-30T15:32:58-07:00,10,47
projects/projects.js,111,js,42c1354b,Acelynn Qiao,2025-10-30,15:32:58,-07:00,2025-10-30T15:32:58-07:00,10,0
projects/projects.js,112,js,42c1354b,Acelynn Qiao,2025-10-30,15:32:58,-07:00,2025-10-30T15:32:58-07:00,10,27
projects/projects.js,113,js,42c1354b,Acelynn Qiao,2025-10-30,15:32:58,-07:00,2025-10-30T15:32:58-07:00,10,29
projects/projects.js,114,js,42c1354b,Acelynn Qiao,2025-10-30,15:32:58,-07:00,2025-10-30T15:32:58-07:00,12,16
projects/projects.js,115,js,42c1354b,Acelynn Qiao,2025-10-30,15:32:58,-07:00,2025-10-30T15:32:58-07:00,12,28
projects/projects.js,116,js,42c1354b,Acelynn Qiao,2025-10-30,15:32:58,-07:00,2025-10-30T15:32:58-07:00,14,41
projects/projects.js,117,js,42c1354b,Acelynn Qiao,2025-10-30,15:32:58,-07:00,2025-10-30T15:32:58-07:00,12,0
projects/projects.js,118,js,42c1354b,Acelynn Qiao,2025-10-30,15:32:58,-07:00,2025-10-30T15:32:58-07:00,10,0
projects/projects.js,119,js,42c1354b,Acelynn Qiao,2025-10-30,15:32:58,-07:00,2025-10-30T15:32:58-07:00,10,24
projects/projects.js,120,js,42c1354b,Acelynn Qiao,2025-10-30,15:32:58,-07:00,2025-10-30T15:32:58-07:00,10,18
projects/projects.js,121,js,42c1354b,Acelynn Qiao,2025-10-30,15:32:58,-07:00,2025-10-30T15:32:58-07:00,12,14
projects/projects.js,122,js,42c1354b,Acelynn Qiao,2025-10-30,15:32:58,-07:00,2025-10-30T15:32:58-07:00,12,30
projects/projects.js,123,js,42c1354b,Acelynn Qiao,2025-10-30,15:32:58,-07:00,2025-10-30T15:32:58-07:00,14,66
projects/projects.js,124,js,42c1354b,Acelynn Qiao,2025-10-30,15:32:58,-07:00,2025-10-30T15:32:58-07:00,12,0
projects/projects.js,125,js,42c1354b,Acelynn Qiao,2025-10-30,15:32:58,-07:00,2025-10-30T15:32:58-07:00,10,0
projects/projects.js,126,js,42c1354b,Acelynn Qiao,2025-10-30,15:32:58,-07:00,2025-10-30T15:32:58-07:00,10,35
projects/projects.js,127,js,42c1354b,Acelynn Qiao,2025-10-30,15:32:58,-07:00,2025-10-30T15:32:58-07:00,10,13
projects/projects.js,128,js,42c1354b,Acelynn Qiao,2025-10-30,15:32:58,-07:00,2025-10-30T15:32:58-07:00,8,1
projects/projects.js,129,js,b60f5f41,Acelynn Qiao,2025-10-30,02:23:46,-07:00,2025-10-30T02:23:46-07:00,4,1
projects/projects.js,130,js,b60f5f41,Acelynn Qiao,2025-10-30,02:23:46,-07:00,2025-10-30T02:23:46-07:00,2,0
projects/projects.js,131,js,b60f5f41,Acelynn Qiao,2025-10-30,02:23:46,-07:00,2025-10-30T02:23:46-07:00,0,0
projects/projects.js,132,js,ef7da9e9,Acelynn Qiao,2025-10-29,20:10:39,-07:00,2025-10-29T20:10:39-07:00,0,0
projects/projects.js,133,js,42c1354b,Acelynn Qiao,2025-10-30,15:32:58,-07:00,2025-10-30T15:32:58-07:00,0,57
projects/projects.js,134,js,42c1354b,Acelynn Qiao,2025-10-30,15:32:58,-07:00,2025-10-30T15:32:58-07:00,0,23
projects/projects.js,135,js,42c1354b,Acelynn Qiao,2025-10-30,15:32:58,-07:00,2025-10-30T15:32:58-07:00,2,24
projects/projects.js,136,js,42c1354b,Acelynn Qiao,2025-10-30,15:32:58,-07:00,2025-10-30T15:32:58-07:00,2,26
projects/projects.js,137,js,b60f5f41,Acelynn Qiao,2025-10-30,02:23:46,-07:00,2025-10-30T02:23:46-07:00,2,0
projects/projects.js,138,js,42c1354b,Acelynn Qiao,2025-10-30,15:32:58,-07:00,2025-10-30T15:32:58-07:00,2,20
projects/projects.js,139,js,42c1354b,Acelynn Qiao,2025-10-30,15:32:58,-07:00,2025-10-30T15:32:58-07:00,2,10
projects/projects.js,140,js,42c1354b,Acelynn Qiao,2025-10-30,15:32:58,-07:00,2025-10-30T15:32:58-07:00,4,55
projects/projects.js,141,js,42c1354b,Acelynn Qiao,2025-10-30,15:32:58,-07:00,2025-10-30T15:32:58-07:00,6,59
projects/projects.js,142,js,42c1354b,Acelynn Qiao,2025-10-30,15:32:58,-07:00,2025-10-30T15:32:58-07:00,6,42
projects/projects.js,143,js,42c1354b,Acelynn Qiao,2025-10-30,15:32:58,-07:00,2025-10-30T15:32:58-07:00,4,1
projects/projects.js,144,js,42c1354b,Acelynn Qiao,2025-10-30,15:32:58,-07:00,2025-10-30T15:32:58-07:00,2,0
projects/projects.js,145,js,42c1354b,Acelynn Qiao,2025-10-30,15:32:58,-07:00,2025-10-30T15:32:58-07:00,2,0
projects/projects.js,146,js,42c1354b,Acelynn Qiao,2025-10-30,15:32:58,-07:00,2025-10-30T15:32:58-07:00,2,41
projects/projects.js,147,js,42c1354b,Acelynn Qiao,2025-10-30,15:32:58,-07:00,2025-10-30T15:32:58-07:00,2,25
projects/projects.js,148,js,42c1354b,Acelynn Qiao,2025-10-30,15:32:58,-07:00,2025-10-30T15:32:58-07:00,4,35
projects/projects.js,149,js,42c1354b,Acelynn Qiao,2025-10-30,15:32:58,-07:00,2025-10-30T15:32:58-07:00,4,40
projects/projects.js,150,js,42c1354b,Acelynn Qiao,2025-10-30,15:32:58,-07:00,2025-10-30T15:32:58-07:00,4,46
projects/projects.js,151,js,42c1354b,Acelynn Qiao,2025-10-30,15:32:58,-07:00,2025-10-30T15:32:58-07:00,6,51
projects/projects.js,152,js,42c1354b,Acelynn Qiao,2025-10-30,15:32:58,-07:00,2025-10-30T15:32:58-07:00,6,51
projects/projects.js,153,js,42c1354b,Acelynn Qiao,2025-10-30,15:32:58,-07:00,2025-10-30T15:32:58-07:00,8,27
projects/projects.js,154,js,42c1354b,Acelynn Qiao,2025-10-30,15:32:58,-07:00,2025-10-30T15:32:58-07:00,6,0
projects/projects.js,155,js,42c1354b,Acelynn Qiao,2025-10-30,15:32:58,-07:00,2025-10-30T15:32:58-07:00,4,0
projects/projects.js,156,js,42c1354b,Acelynn Qiao,2025-10-30,15:32:58,-07:00,2025-10-30T15:32:58-07:00,2,0
projects/projects.js,157,js,b60f5f41,Acelynn Qiao,2025-10-30,02:23:46,-07:00,2025-10-30T02:23:46-07:00,2,0
projects/projects.js,158,js,b60f5f41,Acelynn Qiao,2025-10-30,02:23:46,-07:00,2025-10-30T02:23:46-07:00,2,25
projects/projects.js,159,js,b60f5f41,Acelynn Qiao,2025-10-30,02:23:46,-07:00,2025-10-30T02:23:46-07:00,2,56
projects/projects.js,160,js,b60f5f41,Acelynn Qiao,2025-10-30,02:23:46,-07:00,2025-10-30T02:23:46-07:00,2,0
projects/projects.js,161,js,42c1354b,Acelynn Qiao,2025-10-30,15:32:58,-07:00,2025-10-30T15:32:58-07:00,2,21
projects/projects.js,162,js,b60f5f41,Acelynn Qiao,2025-10-30,02:23:46,-07:00,2025-10-30T02:23:46-07:00,2,14
projects/projects.js,163,js,b60f5f41,Acelynn Qiao,2025-10-30,02:23:46,-07:00,2025-10-30T02:23:46-07:00,4,62
projects/projects.js,164,js,b60f5f41,Acelynn Qiao,2025-10-30,02:23:46,-07:00,2025-10-30T02:23:46-07:00,2,0
projects/projects.js,165,js,42c1354b,Acelynn Qiao,2025-10-30,15:32:58,-07:00,2025-10-30T15:32:58-07:00,0,0
projects/projects.js,166,js,42c1354b,Acelynn Qiao,2025-10-30,15:32:58,-07:00,2025-10-30T15:32:58-07:00,0,0
projects/projects.js,167,js,42c1354b,Acelynn Qiao,2025-10-30,15:32:58,-07:00,2025-10-30T15:32:58-07:00,0,42
projects/projects.js,168,js,42c1354b,Acelynn Qiao,2025-10-30,15:32:58,-07:00,2025-10-30T15:32:58-07:00,0,30
projects/projects.js,169,js,42c1354b,Acelynn Qiao,2025-10-30,15:32:58,-07:00,2025-10-30T15:32:58-07:00,2,29
projects/projects.js,170,js,42c1354b,Acelynn Qiao,2025-10-30,15:32:58,-07:00,2025-10-30T15:32:58-07:00,4,93
projects/projects.js,171,js,42c1354b,Acelynn Qiao,2025-10-30,15:32:58,-07:00,2025-10-30T15:32:58-07:00,4,7
projects/projects.js,172,js,42c1354b,Acelynn Qiao,2025-10-30,15:32:58,-07:00,2025-10-30T15:32:58-07:00,2,0
projects/projects.js,173,js,42c1354b,Acelynn Qiao,2025-10-30,15:32:58,-07:00,2025-10-30T15:32:58-07:00,2,26
projects/projects.js,174,js,42c1354b,Acelynn Qiao,2025-10-30,15:32:58,-07:00,2025-10-30T15:32:58-07:00,4,14
projects/projects.js,175,js,42c1354b,Acelynn Qiao,2025-10-30,15:32:58,-07:00,2025-10-30T15:32:58-07:00,4,14
projects/projects.js,176,js,42c1354b,Acelynn Qiao,2025-10-30,15:32:58,-07:00,2025-10-30T15:32:58-07:00,4,11
projects/projects.js,177,js,42c1354b,Acelynn Qiao,2025-10-30,15:32:58,-07:00,2025-10-30T15:32:58-07:00,2,0
projects/projects.js,178,js,42c1354b,Acelynn Qiao,2025-10-30,15:32:58,-07:00,2025-10-30T15:32:58-07:00,2,0
projects/projects.js,179,js,42c1354b,Acelynn Qiao,2025-10-30,15:32:58,-07:00,2025-10-30T15:32:58-07:00,2,41
projects/projects.js,180,js,42c1354b,Acelynn Qiao,2025-10-30,15:32:58,-07:00,2025-10-30T15:32:58-07:00,4,11
projects/projects.js,181,js,42c1354b,Acelynn Qiao,2025-10-30,15:32:58,-07:00,2025-10-30T15:32:58-07:00,4,20
projects/projects.js,182,js,42c1354b,Acelynn Qiao,2025-10-30,15:32:58,-07:00,2025-10-30T15:32:58-07:00,4,8
projects/projects.js,183,js,42c1354b,Acelynn Qiao,2025-10-30,15:32:58,-07:00,2025-10-30T15:32:58-07:00,2,2
projects/projects.js,184,js,42c1354b,Acelynn Qiao,2025-10-30,15:32:58,-07:00,2025-10-30T15:32:58-07:00,0,0
projects/projects.js,185,js,42c1354b,Acelynn Qiao,2025-10-30,15:32:58,-07:00,2025-10-30T15:32:58-07:00,0,0
projects/projects.js,186,js,42c1354b,Acelynn Qiao,2025-10-30,15:32:58,-07:00,2025-10-30T15:32:58-07:00,0,35
projects/projects.js,187,js,42c1354b,Acelynn Qiao,2025-10-30,15:32:58,-07:00,2025-10-30T15:32:58-07:00,0,48
projects/projects.js,188,js,42c1354b,Acelynn Qiao,2025-10-30,15:32:58,-07:00,2025-10-30T15:32:58-07:00,2,19
projects/projects.js,189,js,42c1354b,Acelynn Qiao,2025-10-30,15:32:58,-07:00,2025-10-30T15:32:58-07:00,2,39
projects/projects.js,190,js,42c1354b,Acelynn Qiao,2025-10-30,15:32:58,-07:00,2025-10-30T15:32:58-07:00,2,0
projects/projects.js,191,js,42c1354b,Acelynn Qiao,2025-10-30,15:32:58,-07:00,2025-10-30T15:32:58-07:00,2,41
projects/projects.js,192,js,42c1354b,Acelynn Qiao,2025-10-30,15:32:58,-07:00,2025-10-30T15:32:58-07:00,2,17
projects/projects.js,193,js,42c1354b,Acelynn Qiao,2025-10-30,15:32:58,-07:00,2025-10-30T15:32:58-07:00,2,0
projects/projects.js,194,js,42c1354b,Acelynn Qiao,2025-10-30,15:32:58,-07:00,2025-10-30T15:32:58-07:00,2,14
projects/projects.js,195,js,42c1354b,Acelynn Qiao,2025-10-30,15:32:58,-07:00,2025-10-30T15:32:58-07:00,2,13
projects/projects.js,196,js,b60f5f41,Acelynn Qiao,2025-10-30,02:23:46,-07:00,2025-10-30T02:23:46-07:00,2,0
projects/projects.js,197,js,b60f5f41,Acelynn Qiao,2025-10-30,02:23:46,-07:00,2025-10-30T02:23:46-07:00,2,39
projects/projects.js,198,js,b60f5f41,Acelynn Qiao,2025-10-30,02:23:46,-07:00,2025-10-30T02:23:46-07:00,2,31
projects/projects.js,199,js,ef7da9e9,Acelynn Qiao,2025-10-29,20:10:39,-07:00,2025-10-29T20:10:39-07:00,0,1
projects/projects.js,200,js,ef7da9e9,Acelynn Qiao,2025-10-29,20:10:39,-07:00,2025-10-29T20:10:39-07:00,0,0
projects/projects.js,201,js,b60f5f41,Acelynn Qiao,2025-10-30,02:23:46,-07:00,2025-10-30T02:23:46-07:00,0,32
projects/projects.js,202,js,b60f5f41,Acelynn Qiao,2025-10-30,02:23:46,-07:00,2025-10-30T02:23:46-07:00,0,23
projects/index.html,1,html,fd63745b,Acelynn Qiao,2025-10-02,15:38:01,-07:00,2025-10-02T15:38:01-07:00,0,13
projects/index.html,2,html,fd63745b,Acelynn Qiao,2025-10-02,15:38:01,-07:00,2025-10-02T15:38:01-07:00,0,14
projects/index.html,3,html,fd63745b,Acelynn Qiao,2025-10-02,15:38:01,-07:00,2025-10-02T15:38:01-07:00,0,4
projects/index.html,4,html,fd63745b,Acelynn Qiao,2025-10-02,15:38:01,-07:00,2025-10-02T15:38:01-07:00,2,20
projects/index.html,5,html,fd63745b,Acelynn Qiao,2025-10-02,15:38:01,-07:00,2025-10-02T15:38:01-07:00,2,68
projects/index.html,6,html,fd63745b,Acelynn Qiao,2025-10-02,15:38:01,-07:00,2025-10-02T15:38:01-07:00,2,36
projects/index.html,7,html,fd63745b,Acelynn Qiao,2025-10-02,15:38:01,-07:00,2025-10-02T15:38:01-07:00,2,43
projects/index.html,8,html,063cafb6,Acelynn Qiao,2025-10-25,13:08:54,-07:00,2025-10-25T13:08:54-07:00,2,48
projects/index.html,9,html,063cafb6,Acelynn Qiao,2025-10-25,13:08:54,-07:00,2025-10-25T13:08:54-07:00,2,47
projects/index.html,10,html,fd63745b,Acelynn Qiao,2025-10-02,15:38:01,-07:00,2025-10-02T15:38:01-07:00,0,5
projects/index.html,11,html,fd63745b,Acelynn Qiao,2025-10-02,15:38:01,-07:00,2025-10-02T15:38:01-07:00,0,4
projects/index.html,12,html,063cafb6,Acelynn Qiao,2025-10-25,13:08:54,-07:00,2025-10-25T13:08:54-07:00,2,38
projects/index.html,13,html,69f0dfa2,Acelynn Qiao,2025-10-29,20:25:39,-07:00,2025-10-29T20:25:39-07:00,0,0
projects/index.html,14,html,69f0dfa2,Acelynn Qiao,2025-10-29,20:25:39,-07:00,2025-10-29T20:25:39-07:00,2,39
projects/index.html,15,html,69f0dfa2,Acelynn Qiao,2025-10-29,20:25:39,-07:00,2025-10-29T20:25:39-07:00,2,27
projects/index.html,16,html,69f0dfa2,Acelynn Qiao,2025-10-29,20:25:39,-07:00,2025-10-29T20:25:39-07:00,4,58
projects/index.html,17,html,69f0dfa2,Acelynn Qiao,2025-10-29,20:25:39,-07:00,2025-10-29T20:25:39-07:00,4,22
projects/index.html,18,html,69f0dfa2,Acelynn Qiao,2025-10-29,20:25:39,-07:00,2025-10-29T20:25:39-07:00,2,4
projects/index.html,19,html,9bf416ff,Acelynn Qiao,2025-10-29,20:16:01,-07:00,2025-10-29T20:16:01-07:00,2,0
projects/index.html,20,html,3ef8bce7,Acelynn Qiao,2025-10-09,17:14:21,-07:00,2025-10-09T17:14:21-07:00,2,20
projects/index.html,21,html,69f0dfa2,Acelynn Qiao,2025-10-29,20:25:39,-07:00,2025-10-29T20:25:39-07:00,4,44
projects/index.html,22,html,3ef8bce7,Acelynn Qiao,2025-10-09,17:14:21,-07:00,2025-10-09T17:14:21-07:00,2,4
projects/index.html,23,html,fd63745b,Acelynn Qiao,2025-10-02,15:38:01,-07:00,2025-10-02T15:38:01-07:00,0,5
projects/index.html,24,html,fd63745b,Acelynn Qiao,2025-10-02,15:38:01,-07:00,2025-10-02T15:38:01-07:00,0,5
meta/index.html,1,html,00000000,Not Committed Yet,2025-11-06,16:04:46,-08:00,2025-11-06T16:04:46-08:00,0,13
meta/index.html,2,html,00000000,Not Committed Yet,2025-11-06,16:04:46,-08:00,2025-11-06T16:04:46-08:00,0,14
meta/index.html,3,html,00000000,Not Committed Yet,2025-11-06,16:04:46,-08:00,2025-11-06T16:04:46-08:00,0,4
meta/index.html,4,html,00000000,Not Committed Yet,2025-11-06,16:04:46,-08:00,2025-11-06T16:04:46-08:00,2,20
meta/index.html,5,html,00000000,Not Committed Yet,2025-11-06,16:04:46,-08:00,2025-11-06T16:04:46-08:00,2,68
meta/index.html,6,html,00000000,Not Committed Yet,2025-11-06,16:04:46,-08:00,2025-11-06T16:04:46-08:00,2,41
meta/index.html,7,html,00000000,Not Committed Yet,2025-11-06,16:04:46,-08:00,2025-11-06T16:04:46-08:00,2,41
meta/index.html,8,html,00000000,Not Committed Yet,2025-11-06,16:04:46,-08:00,2025-11-06T16:04:46-08:00,2,48
meta/index.html,9,html,00000000,Not Committed Yet,2025-11-06,16:04:46,-08:00,2025-11-06T16:04:46-08:00,2,43
meta/index.html,10,html,00000000,Not Committed Yet,2025-11-06,16:04:46,-08:00,2025-11-06T16:04:46-08:00,0,5
meta/index.html,11,html,00000000,Not Committed Yet,2025-11-06,16:04:46,-08:00,2025-11-06T16:04:46-08:00,0,4
meta/index.html,12,html,00000000,Not Committed Yet,2025-11-06,16:04:46,-08:00,2025-11-06T16:04:46-08:00,2,20
meta/index.html,13,html,00000000,Not Committed Yet,2025-11-06,16:04:46,-08:00,2025-11-06T16:04:46-08:00,2,60
meta/index.html,14,html,00000000,Not Committed Yet,2025-11-06,16:04:46,-08:00,2025-11-06T16:04:46-08:00,2,0
meta/index.html,15,html,00000000,Not Committed Yet,2025-11-06,16:04:46,-08:00,2025-11-06T16:04:46-08:00,2,20
meta/index.html,16,html,00000000,Not Committed Yet,2025-11-06,16:04:46,-08:00,2025-11-06T16:04:46-08:00,2,47
meta/index.html,17,html,00000000,Not Committed Yet,2025-11-06,16:04:46,-08:00,2025-11-06T16:04:46-08:00,0,5
meta/index.html,18,html,00000000,Not Committed Yet,2025-11-06,16:04:46,-08:00,2025-11-06T16:04:46-08:00,0,5
cv/index.html,1,html,43bef0ea,Acelynn Qiao,2025-10-02,16:31:39,-07:00,2025-10-02T16:31:39-07:00,0,13
cv/index.html,2,html,43bef0ea,Acelynn Qiao,2025-10-02,16:31:39,-07:00,2025-10-02T16:31:39-07:00,0,14
cv/index.html,3,html,43bef0ea,Acelynn Qiao,2025-10-02,16:31:39,-07:00,2025-10-02T16:31:39-07:00,0,4
cv/index.html,4,html,43bef0ea,Acelynn Qiao,2025-10-02,16:31:39,-07:00,2025-10-02T16:31:39-07:00,2,20
cv/index.html,5,html,43bef0ea,Acelynn Qiao,2025-10-02,16:31:39,-07:00,2025-10-02T16:31:39-07:00,2,68
cv/index.html,6,html,43bef0ea,Acelynn Qiao,2025-10-02,16:31:39,-07:00,2025-10-02T16:31:39-07:00,2,34
cv/index.html,7,html,43bef0ea,Acelynn Qiao,2025-10-02,16:31:39,-07:00,2025-10-02T16:31:39-07:00,2,41
cv/index.html,8,html,229319a8,Acelynn Qiao,2025-10-16,15:43:44,-07:00,2025-10-16T15:43:44-07:00,2,48
cv/index.html,9,html,43bef0ea,Acelynn Qiao,2025-10-02,16:31:39,-07:00,2025-10-02T16:31:39-07:00,0,5
cv/index.html,10,html,43bef0ea,Acelynn Qiao,2025-10-02,16:31:39,-07:00,2025-10-02T16:31:39-07:00,0,4
cv/index.html,11,html,43bef0ea,Acelynn Qiao,2025-10-02,16:31:39,-07:00,2025-10-02T16:31:39-07:00,2,0
cv/index.html,12,html,43bef0ea,Acelynn Qiao,2025-10-02,16:31:39,-07:00,2025-10-02T16:31:39-07:00,2,19
cv/index.html,13,html,43bef0ea,Acelynn Qiao,2025-10-02,16:31:39,-07:00,2025-10-02T16:31:39-07:00,0,0
cv/index.html,14,html,43bef0ea,Acelynn Qiao,2025-10-02,16:31:39,-07:00,2025-10-02T16:31:39-07:00,2,7
cv/index.html,15,html,43bef0ea,Acelynn Qiao,2025-10-02,16:31:39,-07:00,2025-10-02T16:31:39-07:00,4,16
cv/index.html,16,html,43bef0ea,Acelynn Qiao,2025-10-02,16:31:39,-07:00,2025-10-02T16:31:39-07:00,4,7
cv/index.html,17,html,43bef0ea,Acelynn Qiao,2025-10-02,16:31:39,-07:00,2025-10-02T16:31:39-07:00,6,42
cv/index.html,18,html,43bef0ea,Acelynn Qiao,2025-10-02,16:31:39,-07:00,2025-10-02T16:31:39-07:00,6,101
cv/index.html,19,html,43bef0ea,Acelynn Qiao,2025-10-02,16:31:39,-07:00,2025-10-02T16:31:39-07:00,6,17
cv/index.html,20,html,43bef0ea,Acelynn Qiao,2025-10-02,16:31:39,-07:00,2025-10-02T16:31:39-07:00,6,2
cv/index.html,21,html,43bef0ea,Acelynn Qiao,2025-10-02,16:31:39,-07:00,2025-10-02T16:31:39-07:00,8,102
cv/index.html,22,html,43bef0ea,Acelynn Qiao,2025-10-02,16:31:39,-07:00,2025-10-02T16:31:39-07:00,8,43
cv/index.html,23,html,43bef0ea,Acelynn Qiao,2025-10-02,16:31:39,-07:00,2025-10-02T16:31:39-07:00,6,3
cv/index.html,24,html,43bef0ea,Acelynn Qiao,2025-10-02,16:31:39,-07:00,2025-10-02T16:31:39-07:00,4,8
cv/index.html,25,html,43bef0ea,Acelynn Qiao,2025-10-02,16:31:39,-07:00,2025-10-02T16:31:39-07:00,2,8
cv/index.html,26,html,43bef0ea,Acelynn Qiao,2025-10-02,16:31:39,-07:00,2025-10-02T16:31:39-07:00,2,7
cv/index.html,27,html,43bef0ea,Acelynn Qiao,2025-10-02,16:31:39,-07:00,2025-10-02T16:31:39-07:00,4,23
cv/index.html,28,html,43bef0ea,Acelynn Qiao,2025-10-02,16:31:39,-07:00,2025-10-02T16:31:39-07:00,4,7
cv/index.html,29,html,43bef0ea,Acelynn Qiao,2025-10-02,16:31:39,-07:00,2025-10-02T16:31:39-07:00,6,26
cv/index.html,30,html,43bef0ea,Acelynn Qiao,2025-10-02,16:31:39,-07:00,2025-10-02T16:31:39-07:00,6,2
cv/index.html,31,html,43bef0ea,Acelynn Qiao,2025-10-02,16:31:39,-07:00,2025-10-02T16:31:39-07:00,8,61
cv/index.html,32,html,43bef0ea,Acelynn Qiao,2025-10-02,16:31:39,-07:00,2025-10-02T16:31:39-07:00,8,77
cv/index.html,33,html,43bef0ea,Acelynn Qiao,2025-10-02,16:31:39,-07:00,2025-10-02T16:31:39-07:00,8,67
cv/index.html,34,html,43bef0ea,Acelynn Qiao,2025-10-02,16:31:39,-07:00,2025-10-02T16:31:39-07:00,8,68
cv/index.html,35,html,43bef0ea,Acelynn Qiao,2025-10-02,16:31:39,-07:00,2025-10-02T16:31:39-07:00,6,3
cv/index.html,36,html,43bef0ea,Acelynn Qiao,2025-10-02,16:31:39,-07:00,2025-10-02T16:31:39-07:00,4,8
cv/index.html,37,html,43bef0ea,Acelynn Qiao,2025-10-02,16:31:39,-07:00,2025-10-02T16:31:39-07:00,2,8
cv/index.html,38,html,43bef0ea,Acelynn Qiao,2025-10-02,16:31:39,-07:00,2025-10-02T16:31:39-07:00,2,7
cv/index.html,39,html,43bef0ea,Acelynn Qiao,2025-10-02,16:31:39,-07:00,2025-10-02T16:31:39-07:00,4,15
cv/index.html,40,html,43bef0ea,Acelynn Qiao,2025-10-02,16:31:39,-07:00,2025-10-02T16:31:39-07:00,4,0
cv/index.html,41,html,43bef0ea,Acelynn Qiao,2025-10-02,16:31:39,-07:00,2025-10-02T16:31:39-07:00,4,7
cv/index.html,42,html,43bef0ea,Acelynn Qiao,2025-10-02,16:31:39,-07:00,2025-10-02T16:31:39-07:00,6,55
cv/index.html,43,html,43bef0ea,Acelynn Qiao,2025-10-02,16:31:39,-07:00,2025-10-02T16:31:39-07:00,6,59
cv/index.html,44,html,43bef0ea,Acelynn Qiao,2025-10-02,16:31:39,-07:00,2025-10-02T16:31:39-07:00,6,2
cv/index.html,45,html,43bef0ea,Acelynn Qiao,2025-10-02,16:31:39,-07:00,2025-10-02T16:31:39-07:00,8,82
cv/index.html,46,html,43bef0ea,Acelynn Qiao,2025-10-02,16:31:39,-07:00,2025-10-02T16:31:39-07:00,8,67
cv/index.html,47,html,43bef0ea,Acelynn Qiao,2025-10-02,16:31:39,-07:00,2025-10-02T16:31:39-07:00,8,89
cv/index.html,48,html,43bef0ea,Acelynn Qiao,2025-10-02,16:31:39,-07:00,2025-10-02T16:31:39-07:00,6,3
cv/index.html,49,html,43bef0ea,Acelynn Qiao,2025-10-02,16:31:39,-07:00,2025-10-02T16:31:39-07:00,4,8
cv/index.html,50,html,43bef0ea,Acelynn Qiao,2025-10-02,16:31:39,-07:00,2025-10-02T16:31:39-07:00,4,0
cv/index.html,51,html,43bef0ea,Acelynn Qiao,2025-10-02,16:31:39,-07:00,2025-10-02T16:31:39-07:00,4,7
cv/index.html,52,html,43bef0ea,Acelynn Qiao,2025-10-02,16:31:39,-07:00,2025-10-02T16:31:39-07:00,6,57
cv/index.html,53,html,43bef0ea,Acelynn Qiao,2025-10-02,16:31:39,-07:00,2025-10-02T16:31:39-07:00,6,98
cv/index.html,54,html,43bef0ea,Acelynn Qiao,2025-10-02,16:31:39,-07:00,2025-10-02T16:31:39-07:00,6,2
cv/index.html,55,html,43bef0ea,Acelynn Qiao,2025-10-02,16:31:39,-07:00,2025-10-02T16:31:39-07:00,8,72
cv/index.html,56,html,43bef0ea,Acelynn Qiao,2025-10-02,16:31:39,-07:00,2025-10-02T16:31:39-07:00,8,81
cv/index.html,57,html,43bef0ea,Acelynn Qiao,2025-10-02,16:31:39,-07:00,2025-10-02T16:31:39-07:00,8,69
cv/index.html,58,html,43bef0ea,Acelynn Qiao,2025-10-02,16:31:39,-07:00,2025-10-02T16:31:39-07:00,6,3
cv/index.html,59,html,43bef0ea,Acelynn Qiao,2025-10-02,16:31:39,-07:00,2025-10-02T16:31:39-07:00,4,8
cv/index.html,60,html,43bef0ea,Acelynn Qiao,2025-10-02,16:31:39,-07:00,2025-10-02T16:31:39-07:00,2,8
cv/index.html,61,html,0384cf6b,Acelynn Qiao,2025-10-09,16:04:55,-07:00,2025-10-09T16:04:55-07:00,2,7
cv/index.html,62,html,0384cf6b,Acelynn Qiao,2025-10-09,16:04:55,-07:00,2025-10-09T16:04:55-07:00,4,17
cv/index.html,63,html,0384cf6b,Acelynn Qiao,2025-10-09,16:04:55,-07:00,2025-10-09T16:04:55-07:00,4,0
cv/index.html,64,html,0384cf6b,Acelynn Qiao,2025-10-09,16:04:55,-07:00,2025-10-09T16:04:55-07:00,4,7
cv/index.html,65,html,0384cf6b,Acelynn Qiao,2025-10-09,16:04:55,-07:00,2025-10-09T16:04:55-07:00,6,38
cv/index.html,66,html,0384cf6b,Acelynn Qiao,2025-10-09,16:04:55,-07:00,2025-10-09T16:04:55-07:00,6,92
cv/index.html,67,html,0384cf6b,Acelynn Qiao,2025-10-09,16:04:55,-07:00,2025-10-09T16:04:55-07:00,6,2
cv/index.html,68,html,0384cf6b,Acelynn Qiao,2025-10-09,16:04:55,-07:00,2025-10-09T16:04:55-07:00,8,82
cv/index.html,69,html,0384cf6b,Acelynn Qiao,2025-10-09,16:04:55,-07:00,2025-10-09T16:04:55-07:00,8,70
cv/index.html,70,html,0384cf6b,Acelynn Qiao,2025-10-09,16:04:55,-07:00,2025-10-09T16:04:55-07:00,8,61
cv/index.html,71,html,0384cf6b,Acelynn Qiao,2025-10-09,16:04:55,-07:00,2025-10-09T16:04:55-07:00,6,3
cv/index.html,72,html,0384cf6b,Acelynn Qiao,2025-10-09,16:04:55,-07:00,2025-10-09T16:04:55-07:00,4,8
cv/index.html,73,html,0384cf6b,Acelynn Qiao,2025-10-09,16:04:55,-07:00,2025-10-09T16:04:55-07:00,2,8
cv/index.html,74,html,43bef0ea,Acelynn Qiao,2025-10-02,16:31:39,-07:00,2025-10-02T16:31:39-07:00,2,0
cv/index.html,75,html,43bef0ea,Acelynn Qiao,2025-10-02,16:31:39,-07:00,2025-10-02T16:31:39-07:00,0,5
cv/index.html,76,html,43bef0ea,Acelynn Qiao,2025-10-02,16:31:39,-07:00,2025-10-02T16:31:39-07:00,0,5
contact/index.html,1,html,fd63745b,Acelynn Qiao,2025-10-02,15:38:01,-07:00,2025-10-02T15:38:01-07:00,0,13
contact/index.html,2,html,fd63745b,Acelynn Qiao,2025-10-02,15:38:01,-07:00,2025-10-02T15:38:01-07:00,0,14
contact/index.html,3,html,fd63745b,Acelynn Qiao,2025-10-02,15:38:01,-07:00,2025-10-02T15:38:01-07:00,0,4
contact/index.html,4,html,fd63745b,Acelynn Qiao,2025-10-02,15:38:01,-07:00,2025-10-02T15:38:01-07:00,2,20
contact/index.html,5,html,fd63745b,Acelynn Qiao,2025-10-02,15:38:01,-07:00,2025-10-02T15:38:01-07:00,2,68
contact/index.html,6,html,fd63745b,Acelynn Qiao,2025-10-02,15:38:01,-07:00,2025-10-02T15:38:01-07:00,2,34
contact/index.html,7,html,fd63745b,Acelynn Qiao,2025-10-02,15:38:01,-07:00,2025-10-02T15:38:01-07:00,2,43
contact/index.html,8,html,229319a8,Acelynn Qiao,2025-10-16,15:43:44,-07:00,2025-10-16T15:43:44-07:00,2,48
contact/index.html,9,html,fd63745b,Acelynn Qiao,2025-10-02,15:38:01,-07:00,2025-10-02T15:38:01-07:00,0,5
contact/index.html,10,html,fd63745b,Acelynn Qiao,2025-10-02,15:38:01,-07:00,2025-10-02T15:38:01-07:00,0,4
contact/index.html,11,html,fd63745b,Acelynn Qiao,2025-10-02,15:38:01,-07:00,2025-10-02T15:38:01-07:00,2,14
contact/index.html,12,html,fd63745b,Acelynn Qiao,2025-10-02,15:38:01,-07:00,2025-10-02T15:38:01-07:00,2,40
contact/index.html,13,html,e6111047,Acelynn Qiao,2025-10-02,16:09:23,-07:00,2025-10-02T16:09:23-07:00,0,0
contact/index.html,14,html,472e6dcc,Acelynn Qiao,2025-10-16,17:40:12,-07:00,2025-10-16T17:40:12-07:00,2,48
contact/index.html,15,html,e6111047,Acelynn Qiao,2025-10-02,16:09:23,-07:00,2025-10-02T16:09:23-07:00,4,5
contact/index.html,16,html,e6111047,Acelynn Qiao,2025-10-02,16:09:23,-07:00,2025-10-02T16:09:23-07:00,6,6
contact/index.html,17,html,1ad9a65a,Acelynn Qiao,2025-10-02,16:15:17,-07:00,2025-10-02T16:15:17-07:00,6,41
contact/index.html,18,html,e6111047,Acelynn Qiao,2025-10-02,16:09:23,-07:00,2025-10-02T16:09:23-07:00,4,6
contact/index.html,19,html,3ef8bce7,Acelynn Qiao,2025-10-09,17:14:21,-07:00,2025-10-09T17:14:21-07:00,4,0
contact/index.html,20,html,e6111047,Acelynn Qiao,2025-10-02,16:09:23,-07:00,2025-10-02T16:09:23-07:00,4,5
contact/index.html,21,html,e6111047,Acelynn Qiao,2025-10-02,16:09:23,-07:00,2025-10-02T16:09:23-07:00,6,6
contact/index.html,22,html,1ad9a65a,Acelynn Qiao,2025-10-02,16:15:17,-07:00,2025-10-02T16:15:17-07:00,6,40
contact/index.html,23,html,e6111047,Acelynn Qiao,2025-10-02,16:09:23,-07:00,2025-10-02T16:09:23-07:00,4,6
contact/index.html,24,html,3ef8bce7,Acelynn Qiao,2025-10-09,17:14:21,-07:00,2025-10-09T17:14:21-07:00,4,0
contact/index.html,25,html,e6111047,Acelynn Qiao,2025-10-02,16:09:23,-07:00,2025-10-02T16:09:23-07:00,4,27
contact/index.html,26,html,e6111047,Acelynn Qiao,2025-10-02,16:09:23,-07:00,2025-10-02T16:09:23-07:00,2,5
contact/index.html,27,html,fd63745b,Acelynn Qiao,2025-10-02,15:38:01,-07:00,2025-10-02T15:38:01-07:00,0,5
contact/index.html,28,html,fd63745b,Acelynn Qiao,2025-10-02,15:38:01,-07:00,2025-10-02T15:38:01-07:00,0,5
